Id,Label,0,1,2,3,4,5,6,7
AS7552,AS7552,VN_ASN,30.672,7552,Viettel Group,"AS7552
Viettel Group","#E74C3C",transit,
AS7602,AS7602,VN_ASN,10.08,7602,Sai gon Postel Corporation,"AS7602
Sai gon Postel Corporation","#8E44AD",transit,
AS7643,AS7643,VN_ASN,8.416,7643,Vietnam Posts and Telecommunications (VNPT),"AS7643
Vietnam Posts and Telecommunications (VNPT)","#8E44AD",transit,
AS18403,AS18403,VN_ASN,60,18403,FPT Telecom Company,"AS18403
FPT Telecom Company","#E74C3C",transit,
AS23707,AS23707,VN_ASN,8.208,23707,Internet Systems Consortium,"AS23707
Internet Systems Consortium","#BDC3C7",stub,
AS23899,AS23899,VN_ASN,8.208,23899,Vietnam Internet network information center (VNNIC),"AS23899
Vietnam Internet network information center (VNNIC)","#BDC3C7",stub,
AS23902,AS23902,VN_ASN,8.624,23902,Vietnam Internet network information center (VNNIC),"AS23902
Vietnam Internet network information center (VNNIC)","#8E44AD",transit,
AS23962,AS23962,VN_ASN,8.208,23962,Vietnam Internet network information center (VNNIC),"AS23962
Vietnam Internet network information center (VNNIC)","#BDC3C7",stub,
AS23999,AS23999,VN_ASN,8.416,23999,Vietnam News Agency,"AS23999
Vietnam News Agency","#8E44AD",transit,
AS24035,AS24035,VN_ASN,8.208,24035,Ministry of Foreign Affairs of Vietnam - MOFA,"AS24035
Ministry of Foreign Affairs of Vietnam - MOFA","#BDC3C7",stub,
AS24050,AS24050,VN_ASN,8.208,24050,Internet Systems Consortium,"AS24050
Internet Systems Consortium","#BDC3C7",stub,
AS24066,AS24066,VN_ASN,8.624,24066,Vietnam Internet network information center (VNNIC),"AS24066
Vietnam Internet network information center (VNNIC)","#8E44AD",transit,
AS24085,AS24085,VN_ASN,8.832,24085,Quang Trung Software City Development Company,"AS24085
Quang Trung Software City Development Company","#8E44AD",transit,
AS24086,AS24086,VN_ASN,8.416,24086,Viettel Corporation,"AS24086
Viettel Corporation","#8E44AD",transit,
AS24088,AS24088,VN_ASN,14.656,24088,Hanoi Telecom Joint Stock Company - HCMC Branch,"AS24088
Hanoi Telecom Joint Stock Company - HCMC Branch","#E74C3C",transit,
AS24089,AS24089,VN_ASN,8.416,24089,Vietnam Internet Network Information Center,"AS24089
Vietnam Internet Network Information Center","#8E44AD",transit,
AS24173,AS24173,VN_ASN,14.656,24173,Branch of Netnam Company in Ho Chi Minh City,"AS24173
Branch of Netnam Company in Ho Chi Minh City","#E74C3C",transit,
AS24174,AS24174,VN_ASN,8.416,24174,Dong A Commercial Join Stock Bank,"AS24174
Dong A Commercial Join Stock Bank","#8E44AD",transit,
AS24175,AS24175,VN_ASN,8.208,24175,National Agency for Scientific and Technological Information,"AS24175
National Agency for Scientific and Technological Information","#BDC3C7",stub,
AS24176,AS24176,VN_ASN,8.208,24176,Branch of Netnam Company in Ho Chi Minh City,"AS24176
Branch of Netnam Company in Ho Chi Minh City","#BDC3C7",stub,
AS38244,AS38244,VN_ASN,9.872,38244,VNG Corporation,"AS38244
VNG Corporation","#8E44AD",transit,
AS38247,AS38247,VN_ASN,8.416,38247,Vietnamobile Telecommunications Joint Stock Company,"AS38247
Vietnamobile Telecommunications Joint Stock Company","#8E44AD",transit,
AS38248,AS38248,VN_ASN,9.248,38248,VTC-VN,"AS38248
VTC-VN","#8E44AD",transit,
AS38249,AS38249,VN_ASN,8.624,38249,KIS Viet Nam Securities Corporations,"AS38249
KIS Viet Nam Securities Corporations","#8E44AD",transit,
AS38251,AS38251,VN_ASN,8.416,38251,VNDirect Securities Corporation,"AS38251
VNDirect Securities Corporation","#8E44AD",transit,
AS38253,AS38253,VN_ASN,8.416,38253,Hanoi Telecom JSC,"AS38253
Hanoi Telecom JSC","#8E44AD",transit,
AS38726,AS38726,VN_ASN,10.08,38726,VTC DIGICOM,"AS38726
VTC DIGICOM","#8E44AD",transit,
AS38727,AS38727,VN_ASN,8.208,38727,HaNoi University of science and technology,"AS38727
HaNoi University of science and technology","#BDC3C7",stub,
AS38730,AS38730,VN_ASN,8.624,38730,VIETINBANK-VN,"AS38730
VIETINBANK-VN","#8E44AD",transit,
AS38731,AS38731,VN_ASN,25.68,38731,Vietel - CHT Compamy Ltd,"AS38731
Vietel - CHT Compamy Ltd","#E74C3C",transit,
AS38732,AS38732,VN_ASN,12.16,38732,CMC Telecom Infrastructure Company,"AS38732
CMC Telecom Infrastructure Company","#8E44AD",transit,
AS38733,AS38733,VN_ASN,12.368,38733,CMC Telecom Infrastructure Company,"AS38733
CMC Telecom Infrastructure Company","#8E44AD",transit,
AS38734,AS38734,VN_ASN,8.624,38734,ENCAPITAL FINANCIAL TECHNOLOGY JOINT STOCK COMPANY.,"AS38734
ENCAPITAL FINANCIAL TECHNOLOGY JOINT STOCK COMPANY.","#8E44AD",transit,
AS38735,AS38735,VN_ASN,9.04,38735,Global Data Service Joint Stock Company,"AS38735
Global Data Service Joint Stock Company","#8E44AD",transit,
AS38736,AS38736,VN_ASN,8.416,38736,Vietnam Internet network information center (VNNIC),"AS38736
Vietnam Internet network information center (VNNIC)","#8E44AD",transit,
AS38737,AS38737,VN_ASN,8.416,38737,Vietnam Internet network information center (VNNIC),"AS38737
Vietnam Internet network information center (VNNIC)","#8E44AD",transit,
AS38738,AS38738,VN_ASN,9.872,38738,"L.C.S Company.,ltd","AS38738
L.C.S Company.,ltd","#8E44AD",transit,
AS45538,AS45538,VN_ASN,9.872,45538,ODS Joint Stock Company,"AS45538
ODS Joint Stock Company","#8E44AD",transit,
AS45541,AS45541,VN_ASN,8.624,45541,Information Technology Center - Joint Stock Commercial Bank for Investment and Development of Vietnam,"AS45541
Information Technology Center - Joint Stock Commercial Bank for Investment and Development of Vietnam","#8E44AD",transit,
AS45542,AS45542,VN_ASN,8.208,45542,VietNam National University Ha Noi,"AS45542
VietNam National University Ha Noi","#BDC3C7",stub,
AS45543,AS45543,VN_ASN,10.704,45543,SaiGon Tourist cable Televition Company,"AS45543
SaiGon Tourist cable Televition Company","#8E44AD",transit,
AS45544,AS45544,VN_ASN,8.832,45544,SUPERDATA-VN,"AS45544
SUPERDATA-VN","#8E44AD",transit,
AS45546,AS45546,VN_ASN,8.832,45546,Gtel Mobile Joint Stock Company,"AS45546
Gtel Mobile Joint Stock Company","#8E44AD",transit,
AS45551,AS45551,VN_ASN,8.208,45551,HEINEKEN VIETNAM BREWERY LIMITED COMPANY,"AS45551
HEINEKEN VIETNAM BREWERY LIMITED COMPANY","#BDC3C7",stub,
AS45552,AS45552,VN_ASN,8.624,45552,METASERV COMPANY LIMITED,"AS45552
METASERV COMPANY LIMITED","#8E44AD",transit,
AS45553,AS45553,VN_ASN,8.416,45553,BAO VIET HOLDINGS InfinityORMATION TECHNOLOGY CENTER BRANCH,"AS45553
BAO VIET HOLDINGS InfinityORMATION TECHNOLOGY CENTER BRANCH","#8E44AD",transit,
AS45554,AS45554,VN_ASN,8.416,45554,Vietnam Internet network information center (VNNIC),"AS45554
Vietnam Internet network information center (VNNIC)","#8E44AD",transit,
AS45556,AS45556,VN_ASN,8.416,45556,Scancom Vietnam Ltd,"AS45556
Scancom Vietnam Ltd","#8E44AD",transit,
AS45557,AS45557,VN_ASN,9.04,45557,Vietnam Technology and Telecommunication JSC,"AS45557
Vietnam Technology and Telecommunication JSC","#8E44AD",transit,
AS45894,AS45894,VN_ASN,8.624,45894,FPT Online JSC,"AS45894
FPT Online JSC","#8E44AD",transit,
AS45896,AS45896,VN_ASN,12.576,45896,Mobifone Global JSC,"AS45896
Mobifone Global JSC","#E74C3C",transit,
AS45899,AS45899,VN_ASN,35.248,45899,Vietnam Posts and Telecommunications (VNPT),"AS45899
Vietnam Posts and Telecommunications (VNPT)","#E74C3C",transit,
AS45900,AS45900,VN_ASN,8.416,45900,Department of Infomatic - The State Bank of Viet Nam,"AS45900
Department of Infomatic - The State Bank of Viet Nam","#8E44AD",transit,
AS45901,AS45901,VN_ASN,8.624,45901,Vietnam Export Import Commercial JSC,"AS45901
Vietnam Export Import Commercial JSC","#8E44AD",transit,
AS45902,AS45902,VN_ASN,8.624,45902,Hai Phong Securities Company,"AS45902
Hai Phong Securities Company","#8E44AD",transit,
AS45903,AS45903,VN_ASN,28.8,45903,CMC Telecom Infrastructure Company,"AS45903
CMC Telecom Infrastructure Company","#E74C3C",transit,
AS55305,AS55305,VN_ASN,8.208,55305,ODS Joint Stock Company,"AS55305
ODS Joint Stock Company","#BDC3C7",stub,
AS55306,AS55306,VN_ASN,8.624,55306,Vietnam bank for Agriculture anh Rural Development,"AS55306
Vietnam bank for Agriculture anh Rural Development","#8E44AD",transit,
AS55307,AS55307,VN_ASN,8.416,55307,Asian Pacific Securitis Joint Stock Company,"AS55307
Asian Pacific Securitis Joint Stock Company","#8E44AD",transit,
AS55308,AS55308,VN_ASN,8.416,55308,Department of Information Technology and Digital Transformation - Ministry of Finance,"AS55308
Department of Information Technology and Digital Transformation - Ministry of Finance","#8E44AD",transit,
AS55309,AS55309,VN_ASN,10.496,55309,Minh Tu Telecom Limited Company,"AS55309
Minh Tu Telecom Limited Company","#8E44AD",transit,
AS55310,AS55310,VN_ASN,8.416,55310,KCS VIETNAM COMPANY LIMITED,"AS55310
KCS VIETNAM COMPANY LIMITED","#8E44AD",transit,
AS55311,AS55311,VN_ASN,8.624,55311,Loc Phat Vietnam Joint Stock Commercial Bank,"AS55311
Loc Phat Vietnam Joint Stock Commercial Bank","#8E44AD",transit,
AS55312,AS55312,VN_ASN,8.416,55312,Golden Dragon Company,"AS55312
Golden Dragon Company","#8E44AD",transit,
AS55313,AS55313,VN_ASN,8.416,55313,Hanel Communication JSC,"AS55313
Hanel Communication JSC","#8E44AD",transit,
AS55315,AS55315,VN_ASN,8.416,55315,SSI Securities Incorporation,"AS55315
SSI Securities Incorporation","#8E44AD",transit,
AS55316,AS55316,VN_ASN,8.416,55316,Saigon - Hanoi Commercial Joint Stock Bank,"AS55316
Saigon - Hanoi Commercial Joint Stock Bank","#8E44AD",transit,
AS55317,AS55317,VN_ASN,8.416,55317,"170 Hai Ba Trung, DaKao Ward, District 1, Hochiminh City","AS55317
170 Hai Ba Trung, DaKao Ward, District 1, Hochiminh City","#8E44AD",transit,
AS55318,AS55318,VN_ASN,8.832,55318,Asia Commercial Bank,"AS55318
Asia Commercial Bank","#8E44AD",transit,
AS55319,AS55319,VN_ASN,8.416,55319,VietNam Prosperity Joint Stock Commercial Bank,"AS55319
VietNam Prosperity Joint Stock Commercial Bank","#8E44AD",transit,
AS55320,AS55320,VN_ASN,8.416,55320,KNODE TECHNOLOGY COMPANY LIMITED,"AS55320
KNODE TECHNOLOGY COMPANY LIMITED","#8E44AD",transit,
AS55322,AS55322,VN_ASN,8.208,55322,North Power Company,"AS55322
North Power Company","#BDC3C7",stub,
AS55323,AS55323,VN_ASN,8.416,55323,Viet Nam Bank for Industry and Trade Securities JSC,"AS55323
Viet Nam Bank for Industry and Trade Securities JSC","#8E44AD",transit,
AS55324,AS55324,VN_ASN,8.416,55324,Premier Oil Viet Nam Offshore B.V,"AS55324
Premier Oil Viet Nam Offshore B.V","#8E44AD",transit,
AS56141,AS56141,VN_ASN,8.832,56141,Danang ICT Infrastructure Development Center,"AS56141
Danang ICT Infrastructure Development Center","#8E44AD",transit,
AS56142,AS56142,VN_ASN,8.208,56142,ZARUBEZHNEFT EP VIETNAM B.V.,"AS56142
ZARUBEZHNEFT EP VIETNAM B.V.","#BDC3C7",stub,
AS56144,AS56144,VN_ASN,8.416,56144,AIA Life Insurance Company limited,"AS56144
AIA Life Insurance Company limited","#8E44AD",transit,
AS56146,AS56146,VN_ASN,8.416,56146,Global informatics solution corporation,"AS56146
Global informatics solution corporation","#8E44AD",transit,
AS56147,AS56147,VN_ASN,10.08,56147,Creative Communication Vietnam Joint Stock Company,"AS56147
Creative Communication Vietnam Joint Stock Company","#8E44AD",transit,
AS56148,AS56148,VN_ASN,8.416,56148,PVcombank,"AS56148
PVcombank","#8E44AD",transit,
AS56149,AS56149,VN_ASN,9.248,56149,Cong ty CP Truyen thong quoc te Incom,"AS56149
Cong ty CP Truyen thong quoc te Incom","#8E44AD",transit,
AS56150,AS56150,VN_ASN,8.624,56150,Viet Solutions Services Trading Company Limited,"AS56150
Viet Solutions Services Trading Company Limited","#8E44AD",transit,
AS56153,AS56153,VN_ASN,8.416,56153,Digital Storage Company Limited,"AS56153
Digital Storage Company Limited","#8E44AD",transit,
AS56155,AS56155,VN_ASN,8.624,56155,Tuong Minh Software Solutions Company Limited,"AS56155
Tuong Minh Software Solutions Company Limited","#8E44AD",transit,
AS56156,AS56156,VN_ASN,8.208,56156,Vietnam Internet Network Information Center,"AS56156
Vietnam Internet Network Information Center","#BDC3C7",stub,
AS56158,AS56158,VN_ASN,8.208,56158,Digital world data online company,"AS56158
Digital world data online company","#BDC3C7",stub,
AS56159,AS56159,VN_ASN,8.832,56159,Sai Gon Join stock commercial Bank,"AS56159
Sai Gon Join stock commercial Bank","#8E44AD",transit,
AS56160,AS56160,VN_ASN,8.416,56160,VIETNIX Solution and Technology Joint Stock Company,"AS56160
VIETNIX Solution and Technology Joint Stock Company","#8E44AD",transit,
AS63730,AS63730,VN_ASN,8.208,63730,VNSO TECHNOLOGY COMPANY,"AS63730
VNSO TECHNOLOGY COMPANY","#BDC3C7",stub,
AS63731,AS63731,VN_ASN,10.496,63731,TIEN PHAT TECHNOLOGY CORPORATION,"AS63731
TIEN PHAT TECHNOLOGY CORPORATION","#8E44AD",transit,
AS63732,AS63732,VN_ASN,8.208,63732,GALAXY PLAY JOINT STOCK COMPANY,"AS63732
GALAXY PLAY JOINT STOCK COMPANY","#BDC3C7",stub,
AS63733,AS63733,VN_ASN,8.832,63733,Thien Binh Software Service Company Limited,"AS63733
Thien Binh Software Service Company Limited","#8E44AD",transit,
AS63734,AS63734,VN_ASN,8.208,63734,365 Online technology joint stock company,"AS63734
365 Online technology joint stock company","#BDC3C7",stub,
AS63735,AS63735,VN_ASN,8.416,63735,Hoatoc company limited,"AS63735
Hoatoc company limited","#8E44AD",transit,
AS63736,AS63736,VN_ASN,8.832,63736,Nam A Commercial Joint Stock Bank,"AS63736
Nam A Commercial Joint Stock Bank","#8E44AD",transit,
AS63737,AS63737,VN_ASN,8.416,63737,VIETSERVER SERVICES TECHNOLOGY COMPANY LIMITED,"AS63737
VIETSERVER SERVICES TECHNOLOGY COMPANY LIMITED","#8E44AD",transit,
AS63739,AS63739,VN_ASN,8.416,63739,VIETPN Company Limited,"AS63739
VIETPN Company Limited","#8E44AD",transit,
AS63740,AS63740,VN_ASN,8.208,63740,TOCDOSOVN-VN,"AS63740
TOCDOSOVN-VN","#BDC3C7",stub,
AS63741,AS63741,VN_ASN,9.04,63741,DCNET TELECOM,"AS63741
DCNET TELECOM","#8E44AD",transit,
AS63742,AS63742,VN_ASN,8.416,63742,BIDV Securities joint stock company,"AS63742
BIDV Securities joint stock company","#8E44AD",transit,
AS63743,AS63743,VN_ASN,8.832,63743,VietNam payment solution joint stock company,"AS63743
VietNam payment solution joint stock company","#8E44AD",transit,
AS63746,AS63746,VN_ASN,8.208,63746,Institute of Information Technology (IOIT),"AS63746
Institute of Information Technology (IOIT)","#BDC3C7",stub,
AS63747,AS63747,VN_ASN,8.832,63747,Central Post and Telecommunication (CPT),"AS63747
Central Post and Telecommunication (CPT)","#8E44AD",transit,
AS63749,AS63749,VN_ASN,8.416,63749,Luxoft VietNam Company LTD,"AS63749
Luxoft VietNam Company LTD","#8E44AD",transit,
AS63751,AS63751,VN_ASN,8.832,63751,Vietcombank securities Company limited,"AS63751
Vietcombank securities Company limited","#8E44AD",transit,
AS63752,AS63752,VN_ASN,8.416,63752,Department of Science and Technology of Phu Tho province,"AS63752
Department of Science and Technology of Phu Tho province","#8E44AD",transit,
AS63753,AS63753,VN_ASN,8.416,63753,Viet Nam Lottery One Member Company Limited,"AS63753
Viet Nam Lottery One Member Company Limited","#8E44AD",transit,
AS63754,AS63754,VN_ASN,8.624,63754,VMG MEDIA JOINT STOCK COMPANY,"AS63754
VMG MEDIA JOINT STOCK COMPANY","#8E44AD",transit,
AS63755,AS63755,VN_ASN,8.624,63755,VietNam - Russia joint venture bank,"AS63755
VietNam - Russia joint venture bank","#8E44AD",transit,
AS63756,AS63756,VN_ASN,8.416,63756,VSTV-VN,"AS63756
VSTV-VN","#8E44AD",transit,
AS63758,AS63758,VN_ASN,8.416,63758,VETC Corporation,"AS63758
VETC Corporation","#8E44AD",transit,
AS63759,AS63759,VN_ASN,8.208,63759,TaDu Joint Stock Company,"AS63759
TaDu Joint Stock Company","#BDC3C7",stub,
AS63760,AS63760,VN_ASN,8.832,63760,AZDIGI Corporation,"AS63760
AZDIGI Corporation","#8E44AD",transit,
AS63763,AS63763,VN_ASN,8.416,63763,VCCORP-VN,"AS63763
VCCORP-VN","#8E44AD",transit,
AS63764,AS63764,VN_ASN,8.208,63764,INCOM SAI GON JOINT STOCK COMPANY,"AS63764
INCOM SAI GON JOINT STOCK COMPANY","#BDC3C7",stub,
AS63765,AS63765,VN_ASN,8.624,63765,HOSTVN Technology Solutions Joint Stock Company,"AS63765
HOSTVN Technology Solutions Joint Stock Company","#8E44AD",transit,
AS63766,AS63766,VN_ASN,8.624,63766,VEGAGAME-VN,"AS63766
VEGAGAME-VN","#8E44AD",transit,
AS63767,AS63767,VN_ASN,8.416,63767,"1st Floor, Machinci Tower, 444 Hoang Hoa Tham, Thuy Khue, Tay Ho, HaNoi","AS63767
1st Floor, Machinci Tower, 444 Hoang Hoa Tham, Thuy Khue, Tay Ho, HaNoi","#8E44AD",transit,
AS63768,AS63768,VN_ASN,8.416,63768,Thien Binh Software Service Company Limited,"AS63768
Thien Binh Software Service Company Limited","#8E44AD",transit,
AS131122,AS131122,VN_ASN,8.416,131122,Vietnam Internet network information center (VNNIC),"AS131122
Vietnam Internet network information center (VNNIC)","#8E44AD",transit,
AS131123,AS131123,VN_ASN,8.416,131123,Vietnam Internet network information center (VNNIC),"AS131123
Vietnam Internet network information center (VNNIC)","#8E44AD",transit,
AS131124,AS131124,VN_ASN,8.416,131124,Vietnam Bank For Social Policies,"AS131124
Vietnam Bank For Social Policies","#8E44AD",transit,
AS131125,AS131125,VN_ASN,8.416,131125,TVSI-VN,"AS131125
TVSI-VN","#8E44AD",transit,
AS131126,AS131126,VN_ASN,8.624,131126,Vietnam Airlines Corp,"AS131126
Vietnam Airlines Corp","#8E44AD",transit,
AS131127,AS131127,VN_ASN,9.664,131127,GLOBAL TECHNOLOGY - TELECOMMUNICATIONS CORPORATION,"AS131127
GLOBAL TECHNOLOGY - TELECOMMUNICATIONS CORPORATION","#8E44AD",transit,
AS131128,AS131128,VN_ASN,8.624,131128,Onepay Online Service and Commercial Joint Stock Company,"AS131128
Onepay Online Service and Commercial Joint Stock Company","#8E44AD",transit,
AS131129,AS131129,VN_ASN,8.624,131129,Hochiminh Stock Exchange,"AS131129
Hochiminh Stock Exchange","#8E44AD",transit,
AS131130,AS131130,VN_ASN,8.624,131130,MB securities joint stock company,"AS131130
MB securities joint stock company","#8E44AD",transit,
AS131131,AS131131,VN_ASN,8.416,131131,VNNIC-AS-VN,"AS131131
VNNIC-AS-VN","#8E44AD",transit,
AS131342,AS131342,VN_ASN,8.416,131342,Vietnam Technological and Commercial Joint-stock Bank - Techcombank,"AS131342
Vietnam Technological and Commercial Joint-stock Bank - Techcombank","#8E44AD",transit,
AS131343,AS131343,VN_ASN,8.832,131343,Vietnam Internationl commercial joint stock bank,"AS131343
Vietnam Internationl commercial joint stock bank","#8E44AD",transit,
AS131344,AS131344,VN_ASN,8.416,131344,TH Food Chain Joint Stock Company,"AS131344
TH Food Chain Joint Stock Company","#8E44AD",transit,
AS131345,AS131345,VN_ASN,8.416,131345,KienLong commercial joint stock bank,"AS131345
KienLong commercial joint stock bank","#8E44AD",transit,
AS131347,AS131347,VN_ASN,8.416,131347,Shinhan Viet Nam Bank Limited,"AS131347
Shinhan Viet Nam Bank Limited","#8E44AD",transit,
AS131348,AS131348,VN_ASN,8.624,131348,Joint stock Commercial Bank for Foreign Trade of Viet Nam,"AS131348
Joint stock Commercial Bank for Foreign Trade of Viet Nam","#8E44AD",transit,
AS131349,AS131349,VN_ASN,8.208,131349,Digital telecomminication service joint stock,"AS131349
Digital telecomminication service joint stock","#BDC3C7",stub,
AS131350,AS131350,VN_ASN,8.208,131350,Dak Nong Department of Information and Communications,"AS131350
Dak Nong Department of Information and Communications","#BDC3C7",stub,
AS131351,AS131351,VN_ASN,8.832,131351,Orient commercial joint stock bank,"AS131351
Orient commercial joint stock bank","#8E44AD",transit,
AS131353,AS131353,VN_ASN,9.04,131353,NhanHoa Software company,"AS131353
NhanHoa Software company","#8E44AD",transit,
AS131354,AS131354,VN_ASN,8.416,131354,Prudential Vietnam Assurance Private limited,"AS131354
Prudential Vietnam Assurance Private limited","#8E44AD",transit,
AS131357,AS131357,VN_ASN,8.832,131357,Duy Tan University,"AS131357
Duy Tan University","#8E44AD",transit,
AS131358,AS131358,VN_ASN,8.416,131358,Telehouse international corporation of vietnam,"AS131358
Telehouse international corporation of vietnam","#8E44AD",transit,
AS131360,AS131360,VN_ASN,8.416,131360,NATIONAL PAYMENT CORPORATION OF VIET NAM,"AS131360
NATIONAL PAYMENT CORPORATION OF VIET NAM","#8E44AD",transit,
AS131362,AS131362,VN_ASN,8.416,131362,HaNoi Stock Exchange,"AS131362
HaNoi Stock Exchange","#8E44AD",transit,
AS131363,AS131363,VN_ASN,8.624,131363,Department of Information Technology - General Department of Taxation,"AS131363
Department of Information Technology - General Department of Taxation","#8E44AD",transit,
AS131364,AS131364,VN_ASN,8.832,131364,Military commercial join stock bank,"AS131364
Military commercial join stock bank","#8E44AD",transit,
AS131365,AS131365,VN_ASN,8.416,131365,Digital Infrastructure Center - Digital Transformation Department - Ministry of Agriculture and Environment,"AS131365
Digital Infrastructure Center - Digital Transformation Department - Ministry of Agriculture and Environment","#8E44AD",transit,
AS131366,AS131366,VN_ASN,8.208,131366,Lanit Technology and Communication Joint Stock Company,"AS131366
Lanit Technology and Communication Joint Stock Company","#BDC3C7",stub,
AS131367,AS131367,VN_ASN,8.416,131367,Viet Online trading service corporation,"AS131367
Viet Online trading service corporation","#8E44AD",transit,
AS131368,AS131368,VN_ASN,8.416,131368,Petro Viet Nam Oil Corporation,"AS131368
Petro Viet Nam Oil Corporation","#8E44AD",transit,
AS131369,AS131369,VN_ASN,8.208,131369,Digital Infrastructure Center - Digital Transformation Department - Ministry of Agriculture and Environment,"AS131369
Digital Infrastructure Center - Digital Transformation Department - Ministry of Agriculture and Environment","#BDC3C7",stub,
AS131371,AS131371,VN_ASN,8.416,131371,BaoMinh securities company,"AS131371
BaoMinh securities company","#8E44AD",transit,
AS131372,AS131372,VN_ASN,8.416,131372,VIVAS-VN,"AS131372
VIVAS-VN","#8E44AD",transit,
AS131373,AS131373,VN_ASN,8.416,131373,Information Technology Center - Ministry of Science and Technology,"AS131373
Information Technology Center - Ministry of Science and Technology","#8E44AD",transit,
AS131374,AS131374,VN_ASN,8.208,131374,HQG Technology Solutions Joint Stock Company,"AS131374
HQG Technology Solutions Joint Stock Company","#BDC3C7",stub,
AS131375,AS131375,VN_ASN,8.832,131375,Information Technology Center - Ministry of Science and Technology,"AS131375
Information Technology Center - Ministry of Science and Technology","#8E44AD",transit,
AS131376,AS131376,VN_ASN,8.416,131376,KB Securities Vietnam Joint Stock Company,"AS131376
KB Securities Vietnam Joint Stock Company","#8E44AD",transit,
AS131378,AS131378,VN_ASN,8.208,131378,Cloud Viet Technology Company Limited,"AS131378
Cloud Viet Technology Company Limited","#BDC3C7",stub,
AS131379,AS131379,VN_ASN,8.624,131379,Modern Bank of Vietnam Limited,"AS131379
Modern Bank of Vietnam Limited","#8E44AD",transit,
AS131380,AS131380,VN_ASN,8.416,131380,Niteco VN,"AS131380
Niteco VN","#8E44AD",transit,
AS131381,AS131381,VN_ASN,8.208,131381,Department of Information Technology and Customs Statistics,"AS131381
Department of Information Technology and Customs Statistics","#BDC3C7",stub,
AS131382,AS131382,VN_ASN,8.208,131382,CFOX TECH COMPANY LIMITED,"AS131382
CFOX TECH COMPANY LIMITED","#BDC3C7",stub,
AS131383,AS131383,VN_ASN,8.832,131383,PVI Holdings,"AS131383
PVI Holdings","#8E44AD",transit,
AS131385,AS131385,VN_ASN,8.208,131385,VTV-VN,"AS131385
VTV-VN","#BDC3C7",stub,
AS131386,AS131386,VN_ASN,9.04,131386,Long Van System Solution JSC,"AS131386
Long Van System Solution JSC","#8E44AD",transit,
AS131387,AS131387,VN_ASN,8.416,131387,Sun Life Vietnam Insurance Company Limited,"AS131387
Sun Life Vietnam Insurance Company Limited","#8E44AD",transit,
AS131389,AS131389,VN_ASN,8.416,131389,SeABank,"AS131389
SeABank","#8E44AD",transit,
AS131390,AS131390,VN_ASN,8.416,131390,Center for E-commerce and Digital Technology Development,"AS131390
Center for E-commerce and Digital Technology Development","#8E44AD",transit,
AS131391,AS131391,VN_ASN,8.624,131391,Vietnam-Asia Commercial Joint Stock Bank,"AS131391
Vietnam-Asia Commercial Joint Stock Bank","#8E44AD",transit,
AS131392,AS131392,VN_ASN,8.416,131392,GMO-Z.com Runsystem Joint Stock Company,"AS131392
GMO-Z.com Runsystem Joint Stock Company","#8E44AD",transit,
AS131396,AS131396,VN_ASN,8.416,131396,Rmit International University Vietnam,"AS131396
Rmit International University Vietnam","#8E44AD",transit,
AS131397,AS131397,VN_ASN,8.208,131397,Hanoi Medical University,"AS131397
Hanoi Medical University","#BDC3C7",stub,
AS131398,AS131398,VN_ASN,8.416,131398,LOTTE INNOVATE VIETNAM COMPANY LIMITED,"AS131398
LOTTE INNOVATE VIETNAM COMPANY LIMITED","#8E44AD",transit,
AS131401,AS131401,VN_ASN,8.208,131401,Department of Science and Technology of Vinh Phuc province,"AS131401
Department of Science and Technology of Vinh Phuc province","#BDC3C7",stub,
AS131402,AS131402,VN_ASN,8.416,131402,FPT Software Company limited,"AS131402
FPT Software Company limited","#8E44AD",transit,
AS131403,AS131403,VN_ASN,8.416,131403,ICSOFT Joint Stock Company,"AS131403
ICSOFT Joint Stock Company","#8E44AD",transit,
AS131404,AS131404,VN_ASN,8.208,131404,Masters Technology Corporation,"AS131404
Masters Technology Corporation","#BDC3C7",stub,
AS131405,AS131405,VN_ASN,8.416,131405,Saigon Newport,"AS131405
Saigon Newport","#8E44AD",transit,
AS131407,AS131407,VN_ASN,8.208,131407,Sai Gon CTT,"AS131407
Sai Gon CTT","#BDC3C7",stub,
AS131408,AS131408,VN_ASN,8.624,131408,TPBANK-VN,"AS131408
TPBANK-VN","#8E44AD",transit,
AS131409,AS131409,VN_ASN,8.416,131409,ACT Telecomunication Joint Stock Company,"AS131409
ACT Telecomunication Joint Stock Company","#8E44AD",transit,
AS131410,AS131410,VN_ASN,8.416,131410,Vietnam Cable Television Corporation Joint Stock Company,"AS131410
Vietnam Cable Television Corporation Joint Stock Company","#8E44AD",transit,
AS131411,AS131411,VN_ASN,8.208,131411,VietNamNet,"AS131411
VietNamNet","#BDC3C7",stub,
AS131412,AS131412,VN_ASN,8.624,131412,State Audit Office of Vietnam,"AS131412
State Audit Office of Vietnam","#8E44AD",transit,
AS131413,AS131413,VN_ASN,8.624,131413,VINGROUP JOINT STOCK COMPANY,"AS131413
VINGROUP JOINT STOCK COMPANY","#8E44AD",transit,
AS131414,AS131414,VN_ASN,8.416,131414,Long Van Soft Solution JSC,"AS131414
Long Van Soft Solution JSC","#8E44AD",transit,
AS131415,AS131415,VN_ASN,8.832,131415,Vietnam Internet network information center (VNNIC),"AS131415
Vietnam Internet network information center (VNNIC)","#8E44AD",transit,
AS131417,AS131417,VN_ASN,8.208,131417,Vietnam National Coaland Mineral Industries Holding Corporation Limited,"AS131417
Vietnam National Coaland Mineral Industries Holding Corporation Limited","#BDC3C7",stub,
AS131418,AS131418,VN_ASN,10.288,131418,SHOPEEPAY JOINT STOCK COMPANY,"AS131418
SHOPEEPAY JOINT STOCK COMPANY","#8E44AD",transit,
AS131419,AS131419,VN_ASN,8.416,131419,NATIONAL PAYMENT CORPORATION OF VIET NAM,"AS131419
NATIONAL PAYMENT CORPORATION OF VIET NAM","#8E44AD",transit,
AS131421,AS131421,VN_ASN,10.08,131421,"Intercom Telecom., JSC","AS131421
Intercom Telecom., JSC","#8E44AD",transit,
AS131422,AS131422,VN_ASN,8.208,131422,"Center for Digital Transformation of Culture, Sports and Tourism - Ministry of Culture, Sports and Tourism","AS131422
Center for Digital Transformation of Culture, Sports and Tourism - Ministry of Culture, Sports and Tourism","#BDC3C7",stub,
AS131423,AS131423,VN_ASN,9.04,131423,Branch of Long Van System Solution JSC - Hanoi,"AS131423
Branch of Long Van System Solution JSC - Hanoi","#8E44AD",transit,
AS131425,AS131425,VN_ASN,8.416,131425,The gioi di dong jsc,"AS131425
The gioi di dong jsc","#8E44AD",transit,
AS131426,AS131426,VN_ASN,8.208,131426,MISA-VN,"AS131426
MISA-VN","#BDC3C7",stub,
AS131427,AS131427,VN_ASN,8.208,131427,AOHOAVIET-VN,"AS131427
AOHOAVIET-VN","#BDC3C7",stub,
AS131428,AS131428,VN_ASN,8.208,131428,Rainbow E-Commerce Company Limited,"AS131428
Rainbow E-Commerce Company Limited","#BDC3C7",stub,
AS131429,AS131429,VN_ASN,12.16,131429,MOBIFONE Corporation,"AS131429
MOBIFONE Corporation","#8E44AD",transit,
AS131430,AS131430,VN_ASN,8.624,131430,Bao Viet Commercial Joint Stock Bank,"AS131430
Bao Viet Commercial Joint Stock Bank","#8E44AD",transit,
AS131434,AS131434,VN_ASN,8.208,131434,Scom Technology Join stock company,"AS131434
Scom Technology Join stock company","#BDC3C7",stub,
AS131435,AS131435,VN_ASN,9.04,131435,Binh Minh Software Service Company Limited,"AS131435
Binh Minh Software Service Company Limited","#8E44AD",transit,
AS131436,AS131436,VN_ASN,9.04,131436,Information Technology and Digital Transformation Center - Vietnam Social Security,"AS131436
Information Technology and Digital Transformation Center - Vietnam Social Security","#8E44AD",transit,
AS131438,AS131438,VN_ASN,9.248,131438,VIETNAM POST,"AS131438
VIETNAM POST","#8E44AD",transit,
AS131439,AS131439,VN_ASN,8.832,131439,VietNam credit information joint stock company,"AS131439
VietNam credit information joint stock company","#8E44AD",transit,
AS131440,AS131440,VN_ASN,8.416,131440,ZINGPLAY VIETNAM COMPANY LIMITED,"AS131440
ZINGPLAY VIETNAM COMPANY LIMITED","#8E44AD",transit,
AS135900,AS135900,VN_ASN,8.416,135900,State Data Center - Hanoi Department of Science and Technology,"AS135900
State Data Center - Hanoi Department of Science and Technology","#8E44AD",transit,
AS135901,AS135901,VN_ASN,8.208,135901,Phuong Dong technology solution company limited,"AS135901
Phuong Dong technology solution company limited","#BDC3C7",stub,
AS135902,AS135902,VN_ASN,8.208,135902,Hahalolo Travel Social Network Joint Stock Company,"AS135902
Hahalolo Travel Social Network Joint Stock Company","#BDC3C7",stub,
AS135904,AS135904,VN_ASN,8.416,135904,VINID PAY JOINT STOCK COMPANY,"AS135904
VINID PAY JOINT STOCK COMPANY","#8E44AD",transit,
AS135905,AS135905,VN_ASN,15.696,135905,VIETNAM POSTS AND TELECOMMUNICATIONS GROUP,"AS135905
VIETNAM POSTS AND TELECOMMUNICATIONS GROUP","#E74C3C",transit,
AS135906,AS135906,VN_ASN,8.208,135906,BOOKING247 COMPANY LIMITED,"AS135906
BOOKING247 COMPANY LIMITED","#BDC3C7",stub,
AS135908,AS135908,VN_ASN,8.208,135908,ECONET VIETNAM CORPORATION,"AS135908
ECONET VIETNAM CORPORATION","#BDC3C7",stub,
AS135909,AS135909,VN_ASN,8.416,135909,Information Technology Park - Vietnam National University Ho Chi Minh City,"AS135909
Information Technology Park - Vietnam National University Ho Chi Minh City","#8E44AD",transit,
AS135910,AS135910,VN_ASN,8.208,135910,"INTELLIGENCE InfinityORMATION SYSTEM CO, LTD","AS135910
INTELLIGENCE InfinityORMATION SYSTEM CO, LTD","#BDC3C7",stub,
AS135911,AS135911,VN_ASN,8.416,135911,VietNam maritime commercial joint stock bank,"AS135911
VietNam maritime commercial joint stock bank","#8E44AD",transit,
AS135912,AS135912,VN_ASN,8.624,135912,VNETWORK Joint Stock Company,"AS135912
VNETWORK Joint Stock Company","#8E44AD",transit,
AS135913,AS135913,VN_ASN,8.208,135913,MB Ages life insurance company limited,"AS135913
MB Ages life insurance company limited","#BDC3C7",stub,
AS135915,AS135915,VN_ASN,8.208,135915,"8 Floor, 96-98 Dao Duy Anh, Phu Nhuan, HCMC","AS135915
8 Floor, 96-98 Dao Duy Anh, Phu Nhuan, HCMC","#BDC3C7",stub,
AS135916,AS135916,VN_ASN,8.208,135916,"descr: No. 14, 256 Bach Dang, Chuong Duong, Hoan Kiem, Hanoi","AS135916
descr: No. 14, 256 Bach Dang, Chuong Duong, Hoan Kiem, Hanoi","#BDC3C7",stub,
AS135917,AS135917,VN_ASN,8.208,135917,Cong ty TNHH Web Panda,"AS135917
Cong ty TNHH Web Panda","#BDC3C7",stub,
AS135918,AS135918,VN_ASN,9.248,135918,VIET DIGITAL TECHNOLOGY LIABILITY COMPANY,"AS135918
VIET DIGITAL TECHNOLOGY LIABILITY COMPANY","#8E44AD",transit,
AS135919,AS135919,VN_ASN,8.624,135919,MB SHINSEI Finance Limited Liability Company,"AS135919
MB SHINSEI Finance Limited Liability Company","#8E44AD",transit,
AS135920,AS135920,VN_ASN,8.208,135920,Ehost software company limited,"AS135920
Ehost software company limited","#BDC3C7",stub,
AS135921,AS135921,VN_ASN,8.208,135921,Maxserver Company Limited,"AS135921
Maxserver Company Limited","#BDC3C7",stub,
AS135922,AS135922,VN_ASN,8.208,135922,Clearsky Service Solutions Company Limited,"AS135922
Clearsky Service Solutions Company Limited","#BDC3C7",stub,
AS135923,AS135923,VN_ASN,8.208,135923,SCTV InfinityRASTRUCTURE BUSINESS INVESMENT COMPANY LIMITED,"AS135923
SCTV InfinityRASTRUCTURE BUSINESS INVESMENT COMPANY LIMITED","#BDC3C7",stub,
AS135924,AS135924,VN_ASN,8.416,135924,FWD Vietnam Life Insurance Company Limited,"AS135924
FWD Vietnam Life Insurance Company Limited","#8E44AD",transit,
AS135925,AS135925,VN_ASN,8.624,135925,"16 Au Co, Tan Son Nhi Ward, Tan Phu District, Ho Chi Minh city (EVNSPC Building)","AS135925
16 Au Co, Tan Son Nhi Ward, Tan Phu District, Ho Chi Minh city (EVNSPC Building)","#8E44AD",transit,
AS135926,AS135926,VN_ASN,8.416,135926,Phu Nhuan Jewelry Joint Stock Company,"AS135926
Phu Nhuan Jewelry Joint Stock Company","#8E44AD",transit,
AS135927,AS135927,VN_ASN,8.416,135927,Phu Quoc Petroleum Operating Company,"AS135927
Phu Quoc Petroleum Operating Company","#8E44AD",transit,
AS135928,AS135928,VN_ASN,8.416,135928,Digital Convergence Technology Solutions Company Limited,"AS135928
Digital Convergence Technology Solutions Company Limited","#8E44AD",transit,
AS135929,AS135929,VN_ASN,8.416,135929,International Education Corporation,"AS135929
International Education Corporation","#8E44AD",transit,
AS135932,AS135932,VN_ASN,8.832,135932,Viet Storage Technology Joint Stock Company,"AS135932
Viet Storage Technology Joint Stock Company","#8E44AD",transit,
AS135933,AS135933,VN_ASN,8.416,135933,Bac A Commercial Joint Stock Bank,"AS135933
Bac A Commercial Joint Stock Bank","#8E44AD",transit,
AS135934,AS135934,VN_ASN,8.208,135934,Dong Thap Provincial Digital Transformation Center,"AS135934
Dong Thap Provincial Digital Transformation Center","#BDC3C7",stub,
AS135935,AS135935,VN_ASN,8.416,135935,Binh Minh Software Service Company Limited,"AS135935
Binh Minh Software Service Company Limited","#8E44AD",transit,
AS135936,AS135936,VN_ASN,8.208,135936,LABO A&B Joint Stock Company,"AS135936
LABO A&B Joint Stock Company","#BDC3C7",stub,
AS135937,AS135937,VN_ASN,8.208,135937,Next Technology Investment and Development Company Limited,"AS135937
Next Technology Investment and Development Company Limited","#BDC3C7",stub,
AS135938,AS135938,VN_ASN,8.416,135938,Home Credit Viet nam Finance Company Limited,"AS135938
Home Credit Viet nam Finance Company Limited","#8E44AD",transit,
AS135939,AS135939,VN_ASN,8.208,135939,VNPT Electronic Payment Joint Stock Company,"AS135939
VNPT Electronic Payment Joint Stock Company","#BDC3C7",stub,
AS135942,AS135942,VN_ASN,8.416,135942,Adsota Corporation,"AS135942
Adsota Corporation","#8E44AD",transit,
AS135943,AS135943,VN_ASN,8.832,135943,TRUONG MINH THINH TECHNOLOGY JOINT STOCK COMPANY,"AS135943
TRUONG MINH THINH TECHNOLOGY JOINT STOCK COMPANY","#8E44AD",transit,
AS135944,AS135944,VN_ASN,8.624,135944,VinhNam Commercial informatics service corporation,"AS135944
VinhNam Commercial informatics service corporation","#8E44AD",transit,
AS135945,AS135945,VN_ASN,8.208,135945,VTC Online Joint Stock Company,"AS135945
VTC Online Joint Stock Company","#BDC3C7",stub,
AS135946,AS135946,VN_ASN,8.208,135946,Long An Department of Information and Communications,"AS135946
Long An Department of Information and Communications","#BDC3C7",stub,
AS135947,AS135947,VN_ASN,10.08,135947,Shopee Company Limited,"AS135947
Shopee Company Limited","#8E44AD",transit,
AS135948,AS135948,VN_ASN,8.416,135948,Thien Binh Software Service Company Limited,"AS135948
Thien Binh Software Service Company Limited","#8E44AD",transit,
AS135949,AS135949,VN_ASN,8.208,135949,Cloudfone Viet Nam Joint Stock Company,"AS135949
Cloudfone Viet Nam Joint Stock Company","#BDC3C7",stub,
AS135951,AS135951,VN_ASN,8.416,135951,Webico Company Limited,"AS135951
Webico Company Limited","#8E44AD",transit,
AS135952,AS135952,VN_ASN,9.248,135952,VPS Securities Joint Stock Company,"AS135952
VPS Securities Joint Stock Company","#8E44AD",transit,
AS135953,AS135953,VN_ASN,8.416,135953,Vietnam Online Network Solution Joint Stock Compnay,"AS135953
Vietnam Online Network Solution Joint Stock Compnay","#8E44AD",transit,
AS135955,AS135955,VN_ASN,8.416,135955,Data integration and digital transformation center of Lam Dong province,"AS135955
Data integration and digital transformation center of Lam Dong province","#8E44AD",transit,
AS135956,AS135956,VN_ASN,8.416,135956,The Authority of Information Technology - Ministry of Health,"AS135956
The Authority of Information Technology - Ministry of Health","#8E44AD",transit,
AS135957,AS135957,VN_ASN,8.416,135957,Hue City Smart Urban Monitoring and Operation Center,"AS135957
Hue City Smart Urban Monitoring and Operation Center","#8E44AD",transit,
AS135958,AS135958,VN_ASN,8.208,135958,Teko Vietnam Technology Joint Stock Company,"AS135958
Teko Vietnam Technology Joint Stock Company","#BDC3C7",stub,
AS135959,AS135959,VN_ASN,8.208,135959,Onebim Vietnam Limited Company,"AS135959
Onebim Vietnam Limited Company","#BDC3C7",stub,
AS135961,AS135961,VN_ASN,8.208,135961,Viet Nam Data Online Joint Stock Company,"AS135961
Viet Nam Data Online Joint Stock Company","#BDC3C7",stub,
AS135962,AS135962,VN_ASN,8.208,135962,AIS Securitites Joint Stock Company,"AS135962
AIS Securitites Joint Stock Company","#BDC3C7",stub,
AS135963,AS135963,VN_ASN,8.208,135963,Information Technology Center - Ministry of Home Affairs,"AS135963
Information Technology Center - Ministry of Home Affairs","#BDC3C7",stub,
AS135964,AS135964,VN_ASN,9.04,135964,RVC Rong Viet Trade Service Telecom Company Limited,"AS135964
RVC Rong Viet Trade Service Telecom Company Limited","#8E44AD",transit,
AS135967,AS135967,VN_ASN,8.832,135967,Bach Kim Network solutions Join stock company,"AS135967
Bach Kim Network solutions Join stock company","#8E44AD",transit,
AS135969,AS135969,VN_ASN,8.208,135969,Sen Do Technology Joint Stock Company,"AS135969
Sen Do Technology Joint Stock Company","#BDC3C7",stub,
AS135971,AS135971,VN_ASN,8.416,135971,PetroVietNam Securities Joint Stock Company,"AS135971
PetroVietNam Securities Joint Stock Company","#8E44AD",transit,
AS135972,AS135972,VN_ASN,8.416,135972,Quang Nam Department of Information and Communications,"AS135972
Quang Nam Department of Information and Communications","#8E44AD",transit,
AS135973,AS135973,VN_ASN,8.208,135973,Bamboo Airways Company Limited,"AS135973
Bamboo Airways Company Limited","#BDC3C7",stub,
AS135974,AS135974,VN_ASN,8.416,135974,National Power Transmission Corporation,"AS135974
National Power Transmission Corporation","#8E44AD",transit,
AS135977,AS135977,VN_ASN,8.416,135977,Vietnam BDA technology and communication joint stock company,"AS135977
Vietnam BDA technology and communication joint stock company","#8E44AD",transit,
AS135978,AS135978,VN_ASN,8.208,135978,Hanoi University of Industry,"AS135978
Hanoi University of Industry","#BDC3C7",stub,
AS135980,AS135980,VN_ASN,8.208,135980,Information and Communication Technology Center of Quang Ninh,"AS135980
Information and Communication Technology Center of Quang Ninh","#BDC3C7",stub,
AS135981,AS135981,VN_ASN,8.208,135981,VisualViet Company Limited,"AS135981
VisualViet Company Limited","#BDC3C7",stub,
AS135982,AS135982,VN_ASN,8.416,135982,Hoi An South Development Ltd,"AS135982
Hoi An South Development Ltd","#8E44AD",transit,
AS135983,AS135983,VN_ASN,8.624,135983,Tino Group Joint Stock Company,"AS135983
Tino Group Joint Stock Company","#8E44AD",transit,
AS135985,AS135985,VN_ASN,8.208,135985,BCALL Viet Nam Company Limited,"AS135985
BCALL Viet Nam Company Limited","#BDC3C7",stub,
AS135986,AS135986,VN_ASN,8.208,135986,Turbo Technology Solution Joint Stock Company,"AS135986
Turbo Technology Solution Joint Stock Company","#BDC3C7",stub,
AS135987,AS135987,VN_ASN,8.208,135987,Reload Company Limited,"AS135987
Reload Company Limited","#BDC3C7",stub,
AS135988,AS135988,VN_ASN,8.624,135988,Sun Group Corporation,"AS135988
Sun Group Corporation","#8E44AD",transit,
AS135989,AS135989,VN_ASN,8.208,135989,Tay Ninh Department of Information and Communications,"AS135989
Tay Ninh Department of Information and Communications","#BDC3C7",stub,
AS135990,AS135990,VN_ASN,8.832,135990,Everest Global Joint Stock Company,"AS135990
Everest Global Joint Stock Company","#8E44AD",transit,
AS135991,AS135991,VN_ASN,8.208,135991,Green Network Solutions LTD.,"AS135991
Green Network Solutions LTD.","#BDC3C7",stub,
AS135994,AS135994,VN_ASN,8.208,135994,IDC Online Technology and Solutions Corporation,"AS135994
IDC Online Technology and Solutions Corporation","#BDC3C7",stub,
AS135997,AS135997,VN_ASN,8.208,135997,EVN Finance Joint Stock Company,"AS135997
EVN Finance Joint Stock Company","#BDC3C7",stub,
AS135998,AS135998,VN_ASN,8.208,135998,International Distribution Corporation,"AS135998
International Distribution Corporation","#BDC3C7",stub,
AS140739,AS140739,VN_ASN,8.416,140739,USDC TECHNOLOGY JSC,"AS140739
USDC TECHNOLOGY JSC","#8E44AD",transit,
AS140742,AS140742,VN_ASN,8.208,140742,DZOGAME COMPANY LIMITED,"AS140742
DZOGAME COMPANY LIMITED","#BDC3C7",stub,
AS140745,AS140745,VN_ASN,8.416,140745,VINTEK VIET NAM TECHNOLOGY TELECOM COMPANY LIMITED,"AS140745
VINTEK VIET NAM TECHNOLOGY TELECOM COMPANY LIMITED","#8E44AD",transit,
AS140747,AS140747,VN_ASN,8.208,140747,Department of Science and Technology of Dong Nai province,"AS140747
Department of Science and Technology of Dong Nai province","#BDC3C7",stub,
AS140748,AS140748,VN_ASN,8.416,140748,Department of Science and Technology of Vinh Long province,"AS140748
Department of Science and Technology of Vinh Long province","#8E44AD",transit,
AS140750,AS140750,VN_ASN,8.416,140750,Viet Nam Telecommunications Authority,"AS140750
Viet Nam Telecommunications Authority","#8E44AD",transit,
AS140751,AS140751,VN_ASN,8.208,140751,Information Technology and Communication Center of Binh Thuan Department of Information and Communications,"AS140751
Information Technology and Communication Center of Binh Thuan Department of Information and Communications","#BDC3C7",stub,
AS140757,AS140757,VN_ASN,8.208,140757,K2F Information Technology Company Limited,"AS140757
K2F Information Technology Company Limited","#BDC3C7",stub,
AS140758,AS140758,VN_ASN,8.208,140758,Department of Science and Technology of Ca Mau province,"AS140758
Department of Science and Technology of Ca Mau province","#BDC3C7",stub,
AS140759,AS140759,VN_ASN,8.416,140759,Department of Information and Communications of Dak Lak Province,"AS140759
Department of Information and Communications of Dak Lak Province","#8E44AD",transit,
AS140761,AS140761,VN_ASN,8.416,140761,ALLIEX VIETNAM JOINT STOCK COMPANY,"AS140761
ALLIEX VIETNAM JOINT STOCK COMPANY","#8E44AD",transit,
AS140762,AS140762,VN_ASN,8.416,140762,Vinh Railway Signalling - Telecom Joint Stock Company,"AS140762
Vinh Railway Signalling - Telecom Joint Stock Company","#8E44AD",transit,
AS140764,AS140764,VN_ASN,8.416,140764,CSD Group Technology JSC.,"AS140764
CSD Group Technology JSC.","#8E44AD",transit,
AS140765,AS140765,VN_ASN,8.416,140765,VINANET Services Joint Stock Company,"AS140765
VINANET Services Joint Stock Company","#8E44AD",transit,
AS140766,AS140766,VN_ASN,8.624,140766,FPT Smart Cloud Company Limited,"AS140766
FPT Smart Cloud Company Limited","#8E44AD",transit,
AS140768,AS140768,VN_ASN,8.416,140768,Department of Science and Technology Gia Lai,"AS140768
Department of Science and Technology Gia Lai","#8E44AD",transit,
AS140769,AS140769,VN_ASN,8.208,140769,InfinityORMATICS SOLUTION COMPANY LIMITED,"AS140769
InfinityORMATICS SOLUTION COMPANY LIMITED","#BDC3C7",stub,
AS140770,AS140770,VN_ASN,8.832,140770,Digilife Vietnam Digital Services Company Limited,"AS140770
Digilife Vietnam Digital Services Company Limited","#8E44AD",transit,
AS140774,AS140774,VN_ASN,8.208,140774,VIET NAM UNIFIED COMMUNICATIONS CORPORATION,"AS140774
VIET NAM UNIFIED COMMUNICATIONS CORPORATION","#BDC3C7",stub,
AS140775,AS140775,VN_ASN,8.208,140775,GLOBAL InfinityORMATICS TELECOMMUNICATIONS JOINT STOCK COMPANY,"AS140775
GLOBAL InfinityORMATICS TELECOMMUNICATIONS JOINT STOCK COMPANY","#BDC3C7",stub,
AS140781,AS140781,VN_ASN,8.208,140781,VIET HOSTING COMPANY LIMITED,"AS140781
VIET HOSTING COMPANY LIMITED","#BDC3C7",stub,
AS140787,AS140787,VN_ASN,8.208,140787,LAM A ARCHITECTURE CONSTRUCTION COMPANY LIMITED,"AS140787
LAM A ARCHITECTURE CONSTRUCTION COMPANY LIMITED","#BDC3C7",stub,
AS140789,AS140789,VN_ASN,8.208,140789,DIGITAL TELECOMMUNICATIONS InfinityRASTRUCTURE JOINT STOCK COMPANY,"AS140789
DIGITAL TELECOMMUNICATIONS InfinityRASTRUCTURE JOINT STOCK COMPANY","#BDC3C7",stub,
AS140791,AS140791,VN_ASN,8.208,140791,BKHOST TECHNOLOGY VIETNAM JOINT STOCK COMPANY,"AS140791
BKHOST TECHNOLOGY VIETNAM JOINT STOCK COMPANY","#BDC3C7",stub,
AS140796,AS140796,VN_ASN,8.208,140796,"U14b-16a, 22 street, Tan Thuan, Tan Thuan Dong Ward, 7 District, HCM City","AS140796
U14b-16a, 22 street, Tan Thuan, Tan Thuan Dong Ward, 7 District, HCM City","#BDC3C7",stub,
AS140799,AS140799,VN_ASN,8.208,140799,VIET NAM CLOUD TECHNOLOGY JOINT STOCK COMPANY,"AS140799
VIET NAM CLOUD TECHNOLOGY JOINT STOCK COMPANY","#BDC3C7",stub,
AS140801,AS140801,VN_ASN,8.208,140801,HARAVAN TECHNOLOGY CORPORATION,"AS140801
HARAVAN TECHNOLOGY CORPORATION","#BDC3C7",stub,
AS140802,AS140802,VN_ASN,8.208,140802,"07-02A, Floor 7, Prime Center,53 Quang Trung, Nguyen Du Ward. Hai Ba Trung District, HN","AS140802
07-02A, Floor 7, Prime Center,53 Quang Trung, Nguyen Du Ward. Hai Ba Trung District, HN","#BDC3C7",stub,
AS140806,AS140806,VN_ASN,8.416,140806,"PVS TELECOM CO.LTD.,","AS140806
PVS TELECOM CO.LTD.,","#8E44AD",transit,
AS140807,AS140807,VN_ASN,8.208,140807,Nguyen Ngoc Thanh Trading Limited Company,"AS140807
Nguyen Ngoc Thanh Trading Limited Company","#BDC3C7",stub,
AS140809,AS140809,VN_ASN,8.416,140809,Information Technology Center - Ministry of Home Affairs,"AS140809
Information Technology Center - Ministry of Home Affairs","#8E44AD",transit,
AS140810,AS140810,VN_ASN,9.248,140810,Megacore Technology Company Limited,"AS140810
Megacore Technology Company Limited","#8E44AD",transit,
AS140811,AS140811,VN_ASN,8.208,140811,VIET NAM INTERACTIVE TELEVISION JOINT STOCK COMPANY,"AS140811
VIET NAM INTERACTIVE TELEVISION JOINT STOCK COMPANY","#BDC3C7",stub,
AS140813,AS140813,VN_ASN,8.832,140813,DIGITAL SOLUTION AND TELECOMMUNICATIONS SERVICE JOINT STOCK COMPANY,"AS140813
DIGITAL SOLUTION AND TELECOMMUNICATIONS SERVICE JOINT STOCK COMPANY","#8E44AD",transit,
AS140814,AS140814,VN_ASN,8.208,140814,"Floor 5, 255 Tran Dang Ninh, Dich Vong, Cau Giay District, Ha Noi City","AS140814
Floor 5, 255 Tran Dang Ninh, Dich Vong, Cau Giay District, Ha Noi City","#BDC3C7",stub,
AS140815,AS140815,VN_ASN,8.208,140815,HTTVSERVER TECHNOLOGY COMPANY LIMITED,"AS140815
HTTVSERVER TECHNOLOGY COMPANY LIMITED","#BDC3C7",stub,
AS140818,AS140818,VN_ASN,8.208,140818,D.I.C Viet Nam Technology Joint Stock Company,"AS140818
D.I.C Viet Nam Technology Joint Stock Company","#BDC3C7",stub,
AS140822,AS140822,VN_ASN,8.416,140822,ANPHATIDC,"AS140822
ANPHATIDC","#8E44AD",transit,
AS140823,AS140823,VN_ASN,8.208,140823,"Group 7, THieu Khanh Ward, Thanh Hoa City, Thanh Hoa, Viet Nam","AS140823
Group 7, THieu Khanh Ward, Thanh Hoa City, Thanh Hoa, Viet Nam","#BDC3C7",stub,
AS140824,AS140824,VN_ASN,8.208,140824,VNIDC TECHNOLOGY COMPANY LIMITED,"AS140824
VNIDC TECHNOLOGY COMPANY LIMITED","#BDC3C7",stub,
AS140825,AS140825,VN_ASN,8.832,140825,Thien Quang Digital technology joint stock company,"AS140825
Thien Quang Digital technology joint stock company","#8E44AD",transit,
AS140828,AS140828,VN_ASN,8.208,140828,Teknix Technology Joint Stock Company,"AS140828
Teknix Technology Joint Stock Company","#BDC3C7",stub,
AS140829,AS140829,VN_ASN,8.208,140829,,AS140829,"#BDC3C7",stub,
AS140830,AS140830,VN_ASN,8.208,140830,IDS VIET NAM SOLUTION CORPORATION,"AS140830
IDS VIET NAM SOLUTION CORPORATION","#BDC3C7",stub,
AS140831,AS140831,VN_ASN,8.208,140831,Data Center of Vietnam National University Ho Chi Minh City,"AS140831
Data Center of Vietnam National University Ho Chi Minh City","#BDC3C7",stub,
AS140832,AS140832,VN_ASN,8.416,140832,"Vietnam F Tech., JSC","AS140832
Vietnam F Tech., JSC","#8E44AD",transit,
AS142025,AS142025,VN_ASN,8.416,142025,VInfinityAST Production and Trading Joint Stock Company,"AS142025
VInfinityAST Production and Trading Joint Stock Company","#8E44AD",transit,
AS142294,AS142294,VN_ASN,8.208,142294,TELECOM TRADE AND SERVER LLC,"AS142294
TELECOM TRADE AND SERVER LLC","#BDC3C7",stub,
AS149062,AS149062,VN_ASN,8.208,149062,TECHNOLOGY SOLUTION DATA ONLINE COMPANY LIMITED,"AS149062
TECHNOLOGY SOLUTION DATA ONLINE COMPANY LIMITED","#BDC3C7",stub,
AS149065,AS149065,VN_ASN,8.208,149065,MT GROUP COMPANY LIMITED,"AS149065
MT GROUP COMPANY LIMITED","#BDC3C7",stub,
AS149068,AS149068,VN_ASN,8.208,149068,iNET software one member company limited,"AS149068
iNET software one member company limited","#BDC3C7",stub,
AS149069,AS149069,VN_ASN,8.624,149069,Information and Communications Technology Company of Vietnam Electricity,"AS149069
Information and Communications Technology Company of Vietnam Electricity","#8E44AD",transit,
AS149074,AS149074,VN_ASN,8.208,149074,University of Medicine and Pharmacy at Ho Chi Minh City,"AS149074
University of Medicine and Pharmacy at Ho Chi Minh City","#BDC3C7",stub,
AS149078,AS149078,VN_ASN,8.208,149078,VPSMMO TECHNOLOGY COMPANY LIMITED,"AS149078
VPSMMO TECHNOLOGY COMPANY LIMITED","#BDC3C7",stub,
AS149080,AS149080,VN_ASN,8.416,149080,"SHINHAN LIFE VIETNAM INSURANCE CO., LTD","AS149080
SHINHAN LIFE VIETNAM INSURANCE CO., LTD","#8E44AD",transit,
AS149082,AS149082,VN_ASN,8.208,149082,NGOC MINH TECHNOLOGY JOINT STOCK COMPANY,"AS149082
NGOC MINH TECHNOLOGY JOINT STOCK COMPANY","#BDC3C7",stub,
AS149085,AS149085,VN_ASN,8.208,149085,E-DATA TECHNOLOGY SERVICE COMPANY LIMITED,"AS149085
E-DATA TECHNOLOGY SERVICE COMPANY LIMITED","#BDC3C7",stub,
AS149087,AS149087,VN_ASN,8.208,149087,Hanoi University,"AS149087
Hanoi University","#BDC3C7",stub,
AS149089,AS149089,VN_ASN,8.416,149089,CLOUDFLY CORPORATION,"AS149089
CLOUDFLY CORPORATION","#8E44AD",transit,
AS149096,AS149096,VN_ASN,8.624,149096,INVESTMENT AND DEVELOPMENT OF NATIONAL E-PROCUREMENT SYSTEM COMPANY LIMITED,"AS149096
INVESTMENT AND DEVELOPMENT OF NATIONAL E-PROCUREMENT SYSTEM COMPANY LIMITED","#8E44AD",transit,
AS149098,AS149098,VN_ASN,8.208,149098,VIETNAM DIGITAL InfinityRASTRUCTURE JOINT STOCK COMPANY,"AS149098
VIETNAM DIGITAL InfinityRASTRUCTURE JOINT STOCK COMPANY","#BDC3C7",stub,
AS149099,AS149099,VN_ASN,8.208,149099,HUNG THINH GROUP CORPORATION,"AS149099
HUNG THINH GROUP CORPORATION","#BDC3C7",stub,
AS149100,AS149100,VN_ASN,8.416,149100,SMARTMIND SECURITIES JOINT STOCK COMPANY,"AS149100
SMARTMIND SECURITIES JOINT STOCK COMPANY","#8E44AD",transit,
AS149101,AS149101,VN_ASN,8.208,149101,BKCLOUD COMPANY LIMITED,"AS149101
BKCLOUD COMPANY LIMITED","#BDC3C7",stub,
AS149102,AS149102,VN_ASN,8.208,149102,KHANH CHI ICT COMPANY LIMITED,"AS149102
KHANH CHI ICT COMPANY LIMITED","#BDC3C7",stub,
AS149103,AS149103,VN_ASN,8.208,149103,BACH KIM HNT COMPANY LIMITED,"AS149103
BACH KIM HNT COMPANY LIMITED","#BDC3C7",stub,
AS149107,AS149107,VN_ASN,10.288,149107,TRUMVPS COMPANY LIMITED,"AS149107
TRUMVPS COMPANY LIMITED","#8E44AD",transit,
AS149109,AS149109,VN_ASN,8.416,149109,GIAO HANG TIET KIEM JOINT STOCK COMPANY,"AS149109
GIAO HANG TIET KIEM JOINT STOCK COMPANY","#8E44AD",transit,
AS149111,AS149111,VN_ASN,8.208,149111,TEDEV TECHNOLOGICAL DEVELOPMENT COMPANY LIMITED,"AS149111
TEDEV TECHNOLOGICAL DEVELOPMENT COMPANY LIMITED","#BDC3C7",stub,
AS149113,AS149113,VN_ASN,8.208,149113,ODB VIET NAM COMPANY LIMITED,"AS149113
ODB VIET NAM COMPANY LIMITED","#BDC3C7",stub,
AS149116,AS149116,VN_ASN,8.208,149116,National Hospital of Tropical Diseases,"AS149116
National Hospital of Tropical Diseases","#BDC3C7",stub,
AS149117,AS149117,VN_ASN,8.208,149117,VTC MOBILE SERVICES JOINT STOCK COMPANY,"AS149117
VTC MOBILE SERVICES JOINT STOCK COMPANY","#BDC3C7",stub,
AS149118,AS149118,VN_ASN,8.208,149118,3S Viet Nam Technology Joint Stock Company,"AS149118
3S Viet Nam Technology Joint Stock Company","#BDC3C7",stub,
AS149120,AS149120,VN_ASN,8.624,149120,BLUE TECHNOLOGY AND INVESTMENT COMPANY LIMITED,"AS149120
BLUE TECHNOLOGY AND INVESTMENT COMPANY LIMITED","#8E44AD",transit,
AS149123,AS149123,VN_ASN,8.208,149123,VU GIA TECHNOLOGY INVESTMENT JOINT STOCK COMPANY,"AS149123
VU GIA TECHNOLOGY INVESTMENT JOINT STOCK COMPANY","#BDC3C7",stub,
AS149124,AS149124,VN_ASN,8.208,149124,WEBPX SOFTWARE COMPANY LIMITED,"AS149124
WEBPX SOFTWARE COMPANY LIMITED","#BDC3C7",stub,
AS149125,AS149125,VN_ASN,8.208,149125,4S TECHNOLOGY TRADING SERVICES COMPANY LIMITED,"AS149125
4S TECHNOLOGY TRADING SERVICES COMPANY LIMITED","#BDC3C7",stub,
AS149127,AS149127,VN_ASN,8.416,149127,Bac Giang Department of Information and Communications,"AS149127
Bac Giang Department of Information and Communications","#8E44AD",transit,
AS149128,AS149128,VN_ASN,8.208,149128,Prosperity and Development Joint Stock Commercial Bank,"AS149128
Prosperity and Development Joint Stock Commercial Bank","#BDC3C7",stub,
AS149129,AS149129,VN_ASN,8.208,149129,Vietnam Government Portal,"AS149129
Vietnam Government Portal","#BDC3C7",stub,
AS149130,AS149130,VN_ASN,8.208,149130,TEKNIX CLOUD TECHNOLOGY InfinityRASTRUCTURE JOINT STOCK COMPANY,"AS149130
TEKNIX CLOUD TECHNOLOGY InfinityRASTRUCTURE JOINT STOCK COMPANY","#BDC3C7",stub,
AS149131,AS149131,VN_ASN,8.208,149131,Optimal Agency LLC,"AS149131
Optimal Agency LLC","#BDC3C7",stub,
AS149135,AS149135,VN_ASN,8.208,149135,SAPO TECHNOLOGY JOINT STOCK COMPANY,"AS149135
SAPO TECHNOLOGY JOINT STOCK COMPANY","#BDC3C7",stub,
AS149136,AS149136,VN_ASN,8.208,149136,AALO.VN DIGITAL TECHNOLOGY JOINT STOCK COMPANY,"AS149136
AALO.VN DIGITAL TECHNOLOGY JOINT STOCK COMPANY","#BDC3C7",stub,
AS149137,AS149137,VN_ASN,8.416,149137,TAN THANH AN INTERNATIONAL TRADE DEVELOPMENT COMPANY LIMITED,"AS149137
TAN THANH AN INTERNATIONAL TRADE DEVELOPMENT COMPANY LIMITED","#8E44AD",transit,
AS149139,AS149139,VN_ASN,8.208,149139,VGP JOINT STOCK COMPANY,"AS149139
VGP JOINT STOCK COMPANY","#BDC3C7",stub,
AS149142,AS149142,VN_ASN,8.416,149142,Vina Securities Joint Stock Company,"AS149142
Vina Securities Joint Stock Company","#8E44AD",transit,
AS149143,AS149143,VN_ASN,8.208,149143,MONA MEDIA COMPANY,"AS149143
MONA MEDIA COMPANY","#BDC3C7",stub,
AS149145,AS149145,VN_ASN,8.208,149145,VNETWORK TELECOMMUNICATION SERVICES COMPANY LIMITED,"AS149145
VNETWORK TELECOMMUNICATION SERVICES COMPANY LIMITED","#BDC3C7",stub,
AS149146,AS149146,VN_ASN,8.208,149146,"VNETKIWON SECURITY CO., LTD","AS149146
VNETKIWON SECURITY CO., LTD","#BDC3C7",stub,
AS149147,AS149147,VN_ASN,8.208,149147,GOFIBER SOFTWARE TECHNOLOGY COMPANY LIMITED,"AS149147
GOFIBER SOFTWARE TECHNOLOGY COMPANY LIMITED","#BDC3C7",stub,
AS149148,AS149148,VN_ASN,8.208,149148,"Phu Hai Computer Co., Ltd","AS149148
Phu Hai Computer Co., Ltd","#BDC3C7",stub,
AS149149,AS149149,VN_ASN,8.208,149149,INTER BOOKING247 LIMITED COMPANY,"AS149149
INTER BOOKING247 LIMITED COMPANY","#BDC3C7",stub,
AS149150,AS149150,VN_ASN,8.208,149150,THDATA COMPANY LIMITED,"AS149150
THDATA COMPANY LIMITED","#BDC3C7",stub,
AS149151,AS149151,VN_ASN,8.208,149151,VNSUN CLOUD COMPANY LIMITED,"AS149151
VNSUN CLOUD COMPANY LIMITED","#BDC3C7",stub,
AS149154,AS149154,VN_ASN,8.416,149154,Department of Science and Technology of Lao Cai province,"AS149154
Department of Science and Technology of Lao Cai province","#8E44AD",transit,
AS149156,AS149156,VN_ASN,8.416,149156,Bac Ninh Department of Information and Communications,"AS149156
Bac Ninh Department of Information and Communications","#8E44AD",transit,
AS149157,AS149157,VN_ASN,8.416,149157,Digital Transformation Center - An Giang Department of Science and Technology,"AS149157
Digital Transformation Center - An Giang Department of Science and Technology","#8E44AD",transit,
AS149159,AS149159,VN_ASN,8.208,149159,Viet Nam Academy of Science and Technology,"AS149159
Viet Nam Academy of Science and Technology","#BDC3C7",stub,
AS149160,AS149160,VN_ASN,8.416,149160,Department of Science and Technology of Can Tho City,"AS149160
Department of Science and Technology of Can Tho City","#8E44AD",transit,
AS149161,AS149161,VN_ASN,8.208,149161,MEGA TECHNOLOGY COMPANY LIMITED,"AS149161
MEGA TECHNOLOGY COMPANY LIMITED","#BDC3C7",stub,
AS150814,AS150814,VN_ASN,8.208,150814,VNIS JOINT STOCK COMPANY,"AS150814
VNIS JOINT STOCK COMPANY","#BDC3C7",stub,
AS150820,AS150820,VN_ASN,8.624,150820,LIENVPS TECHNOLOGY COMPANY LIMITED,"AS150820
LIENVPS TECHNOLOGY COMPANY LIMITED","#8E44AD",transit,
AS150821,AS150821,VN_ASN,8.208,150821,HD TECHNICAL InfinityRASTRUCTURE CONSTRUCTION COMPANY LIMITED,"AS150821
HD TECHNICAL InfinityRASTRUCTURE CONSTRUCTION COMPANY LIMITED","#BDC3C7",stub,
AS150823,AS150823,VN_ASN,8.208,150823,FAST SOFTWARE JOINT STOCK COMPANY,"AS150823
FAST SOFTWARE JOINT STOCK COMPANY","#BDC3C7",stub,
AS150824,AS150824,VN_ASN,8.208,150824,Premier Oil Viet Nam Offshore B.V,"AS150824
Premier Oil Viet Nam Offshore B.V","#BDC3C7",stub,
AS150828,AS150828,VN_ASN,8.208,150828,VMON CLOUD COMPANY LIMITED,"AS150828
VMON CLOUD COMPANY LIMITED","#BDC3C7",stub,
AS150830,AS150830,VN_ASN,8.208,150830,CHIEU MINH COMPANY LIMITED,"AS150830
CHIEU MINH COMPANY LIMITED","#BDC3C7",stub,
AS150836,AS150836,VN_ASN,8.416,150836,EPAY SERVICES JOINT STOCK COMPANY,"AS150836
EPAY SERVICES JOINT STOCK COMPANY","#8E44AD",transit,
AS150837,AS150837,VN_ASN,8.416,150837,SAOVANG TELECOMMUNICATION InfinityRASTRUCTURE JOINT STOCK COMPANY,"AS150837
SAOVANG TELECOMMUNICATION InfinityRASTRUCTURE JOINT STOCK COMPANY","#8E44AD",transit,
AS150838,AS150838,VN_ASN,8.208,150838,HA SON TECHNOLOGY ONE MEMBER LIMITED COMPANY,"AS150838
HA SON TECHNOLOGY ONE MEMBER LIMITED COMPANY","#BDC3C7",stub,
AS150842,AS150842,VN_ASN,8.208,150842,VIMEDIMEX GROUP PHARMACY CORPORATION,"AS150842
VIMEDIMEX GROUP PHARMACY CORPORATION","#BDC3C7",stub,
AS150846,AS150846,VN_ASN,8.208,150846,"Room 1508, 15th Floor, Vincom Center Building, 72 Le Thanh Ton, Ben Nghe Ward, District 1, Ho Chi Minh City, Vietnam","AS150846
Room 1508, 15th Floor, Vincom Center Building, 72 Le Thanh Ton, Ben Nghe Ward, District 1, Ho Chi Minh City, Vietnam","#BDC3C7",stub,
AS150850,AS150850,VN_ASN,8.208,150850,ZINVPS COMPANY LIMITED,"AS150850
ZINVPS COMPANY LIMITED","#BDC3C7",stub,
AS150854,AS150854,VN_ASN,8.208,150854,Diginext Group Joint Stock Company,"AS150854
Diginext Group Joint Stock Company","#BDC3C7",stub,
AS150855,AS150855,VN_ASN,8.208,150855,MAY SOC COMPANY LIMITED,"AS150855
MAY SOC COMPANY LIMITED","#BDC3C7",stub,
AS150856,AS150856,VN_ASN,8.208,150856,"VNG DATA CENTER CO., LTD","AS150856
VNG DATA CENTER CO., LTD","#BDC3C7",stub,
AS150857,AS150857,VN_ASN,8.416,150857,JB SECURITIES VIETNAM COMPANY LIMITED,"AS150857
JB SECURITIES VIETNAM COMPANY LIMITED","#8E44AD",transit,
AS150859,AS150859,VN_ASN,8.208,150859,SANDCLOCK SERVICE TRADING COMPANY LIMITED,"AS150859
SANDCLOCK SERVICE TRADING COMPANY LIMITED","#BDC3C7",stub,
AS150861,AS150861,VN_ASN,8.208,150861,POWERNET COMPANY LIMITED,"AS150861
POWERNET COMPANY LIMITED","#BDC3C7",stub,
AS150862,AS150862,VN_ASN,8.416,150862,VPSTTT COMPUTER COMPANY LIMITED,"AS150862
VPSTTT COMPUTER COMPANY LIMITED","#8E44AD",transit,
AS150864,AS150864,VN_ASN,8.208,150864,VIET NAM VNNS TECHNOLOGIES JOINT STOCK COMPANY,"AS150864
VIET NAM VNNS TECHNOLOGIES JOINT STOCK COMPANY","#BDC3C7",stub,
AS150866,AS150866,VN_ASN,8.832,150866,FINTECH VIETNAM CREDIT InfinityORMATION JOINT STOCK COMPANY,"AS150866
FINTECH VIETNAM CREDIT InfinityORMATION JOINT STOCK COMPANY","#8E44AD",transit,
AS150869,AS150869,VN_ASN,8.416,150869,National Citizen Commercial Joint stock bank,"AS150869
National Citizen Commercial Joint stock bank","#8E44AD",transit,
AS150872,AS150872,VN_ASN,8.208,150872,TECHCLOUD SOLUTION JOINT STOCK COMPANY,"AS150872
TECHCLOUD SOLUTION JOINT STOCK COMPANY","#BDC3C7",stub,
AS150873,AS150873,VN_ASN,8.208,150873,THUONGCLOUD COMPANY LIMITED,"AS150873
THUONGCLOUD COMPANY LIMITED","#BDC3C7",stub,
AS150882,AS150882,VN_ASN,8.208,150882,XKA TECHNOLOGY MTV COMPANY LIMITED,"AS150882
XKA TECHNOLOGY MTV COMPANY LIMITED","#BDC3C7",stub,
AS150884,AS150884,VN_ASN,8.208,150884,ANZIX Joint Stock Company,"AS150884
ANZIX Joint Stock Company","#BDC3C7",stub,
AS150887,AS150887,VN_ASN,8.208,150887,"NGOC HA TECHNOLOGY SERVICES CO., LTD","AS150887
NGOC HA TECHNOLOGY SERVICES CO., LTD","#BDC3C7",stub,
AS150888,AS150888,VN_ASN,8.416,150888,"CENTER FOR InfinityORMATION AND COMMUNICATION TECHNOLOGY, Thai Nguyen Department of Information and Communications","AS150888
CENTER FOR InfinityORMATION AND COMMUNICATION TECHNOLOGY, Thai Nguyen Department of Information and Communications","#8E44AD",transit,
AS150890,AS150890,VN_ASN,8.416,150890,VETC ELECTRONIC TOLL COLLECTION COMPANY LIMITED,"AS150890
VETC ELECTRONIC TOLL COLLECTION COMPANY LIMITED","#8E44AD",transit,
AS150894,AS150894,VN_ASN,8.208,150894,SON NGUYEN GROUP CORPORATION,"AS150894
SON NGUYEN GROUP CORPORATION","#BDC3C7",stub,
AS150895,AS150895,VN_ASN,9.248,150895,EZ TECHNOLOGY COMPANY LIMITED,"AS150895
EZ TECHNOLOGY COMPANY LIMITED","#8E44AD",transit,
AS150896,AS150896,VN_ASN,8.208,150896,HUNGCLOUD COMPANY LIMITED,"AS150896
HUNGCLOUD COMPANY LIMITED","#BDC3C7",stub,
AS150900,AS150900,VN_ASN,8.416,150900,VPSMMO COMPANY LIMITED,"AS150900
VPSMMO COMPANY LIMITED","#8E44AD",transit,
AS150901,AS150901,VN_ASN,8.208,150901,NEXTPAY DIGITAL TRANSFORMATION GROUP JOINT STOCK COMPANY,"AS150901
NEXTPAY DIGITAL TRANSFORMATION GROUP JOINT STOCK COMPANY","#BDC3C7",stub,
AS150905,AS150905,VN_ASN,8.416,150905,CENTRAL ELECTRICITY InfinityORMATION TECHNOLOGY COMPANY - CENTRAL REGIONAL ELECTRICITY CORPORATION,"AS150905
CENTRAL ELECTRICITY InfinityORMATION TECHNOLOGY COMPANY - CENTRAL REGIONAL ELECTRICITY CORPORATION","#8E44AD",transit,
AS150911,AS150911,VN_ASN,8.208,150911,Travelaire Limited Liability Company,"AS150911
Travelaire Limited Liability Company","#BDC3C7",stub,
AS151852,AS151852,VN_ASN,8.208,151852,FUTE JOINT STOCK COMPANY,"AS151852
FUTE JOINT STOCK COMPANY","#BDC3C7",stub,
AS151855,AS151855,VN_ASN,8.416,151855,SOUTH TELECOMMUNICATIONS SOFTWARE JOINT STOCK COMPANY,"AS151855
SOUTH TELECOMMUNICATIONS SOFTWARE JOINT STOCK COMPANY","#8E44AD",transit,
AS151858,AS151858,VN_ASN,8.624,151858,INTERDIGI JOINT STOCK COMPANY,"AS151858
INTERDIGI JOINT STOCK COMPANY","#8E44AD",transit,
AS151863,AS151863,VN_ASN,8.208,151863,PSG JOINT STOCK COMPANY,"AS151863
PSG JOINT STOCK COMPANY","#BDC3C7",stub,
AS151865,AS151865,VN_ASN,8.208,151865,"ZENTECH Technology Solutions Co., Ltd","AS151865
ZENTECH Technology Solutions Co., Ltd","#BDC3C7",stub,
AS151866,AS151866,VN_ASN,8.416,151866,DAI HUU SERVICE AND TRADING MECHANICAL COMPANY LIMITED,"AS151866
DAI HUU SERVICE AND TRADING MECHANICAL COMPANY LIMITED","#8E44AD",transit,
AS151867,AS151867,VN_ASN,8.208,151867,Department of Science and Technology of Dong Nai province,"AS151867
Department of Science and Technology of Dong Nai province","#BDC3C7",stub,
AS151868,AS151868,VN_ASN,8.208,151868,,AS151868,"#BDC3C7",stub,
AS151870,AS151870,VN_ASN,8.416,151870,Department of Radio Frequency - Ministry of Information and Communications,"AS151870
Department of Radio Frequency - Ministry of Information and Communications","#8E44AD",transit,
AS151872,AS151872,VN_ASN,8.208,151872,CLOUD DATA TECHNOLOGY AND COMMUNICATION COMPANY LIMITED,"AS151872
CLOUD DATA TECHNOLOGY AND COMMUNICATION COMPANY LIMITED","#BDC3C7",stub,
AS151873,AS151873,VN_ASN,8.208,151873,TOTHOST SOLUTIONS AND TECHNOLOGIES COMPANY LIMITED,"AS151873
TOTHOST SOLUTIONS AND TECHNOLOGIES COMPANY LIMITED","#BDC3C7",stub,
AS151901,AS151901,VN_ASN,8.208,151901,HAO QUANG VIET SOFTWARE COMPANY LIMITED,"AS151901
HAO QUANG VIET SOFTWARE COMPANY LIMITED","#BDC3C7",stub,
AS151903,AS151903,VN_ASN,8.208,151903,epartment of Science and Technology of Quang Tri province,"AS151903
epartment of Science and Technology of Quang Tri province","#BDC3C7",stub,
AS151908,AS151908,VN_ASN,8.208,151908,MAY CHU VIET SOLUTIONS CORPORATION,"AS151908
MAY CHU VIET SOLUTIONS CORPORATION","#BDC3C7",stub,
AS151911,AS151911,VN_ASN,8.416,151911,VERICHAINS LIMITED,"AS151911
VERICHAINS LIMITED","#8E44AD",transit,
AS151913,AS151913,VN_ASN,8.208,151913,Ha Giang province Department of Information and Communications,"AS151913
Ha Giang province Department of Information and Communications","#BDC3C7",stub,
AS151914,AS151914,VN_ASN,8.208,151914,Quoc Tin Cyber Technology Company Limited,"AS151914
Quoc Tin Cyber Technology Company Limited","#BDC3C7",stub,
AS151917,AS151917,VN_ASN,8.208,151917,Jupiter Media Joint Stock Company,"AS151917
Jupiter Media Joint Stock Company","#BDC3C7",stub,
AS151922,AS151922,VN_ASN,8.416,151922,Vietnam National Credit Information,"AS151922
Vietnam National Credit Information","#8E44AD",transit,
AS151923,AS151923,VN_ASN,8.416,151923,BC CARD Vietnam Company Limited,"AS151923
BC CARD Vietnam Company Limited","#8E44AD",transit,
AS151938,AS151938,VN_ASN,8.208,151938,CLOUDY One Member LLC,"AS151938
CLOUDY One Member LLC","#BDC3C7",stub,
AS152933,AS152933,VN_ASN,8.208,152933,ZONECLOUD TECHNOLOGY JOINT STOCK COMPANY,"AS152933
ZONECLOUD TECHNOLOGY JOINT STOCK COMPANY","#BDC3C7",stub,
AS152934,AS152934,VN_ASN,8.208,152934,DUC DUY HIGH TECHNOLOGY COMPANY LIMITED,"AS152934
DUC DUY HIGH TECHNOLOGY COMPANY LIMITED","#BDC3C7",stub,
AS152935,AS152935,VN_ASN,8.208,152935,PROXY VN TECHNOLOGY COMPANY LIMITED,"AS152935
PROXY VN TECHNOLOGY COMPANY LIMITED","#BDC3C7",stub,
AS152940,AS152940,VN_ASN,8.416,152940,TTC TELECOM SERVICE TRADING INVESTMENT COMPANY LIMITED,"AS152940
TTC TELECOM SERVICE TRADING INVESTMENT COMPANY LIMITED","#8E44AD",transit,
AS152944,AS152944,VN_ASN,8.208,152944,TIEN TRUNG SOFTWARE COMPANY LIMITED,"AS152944
TIEN TRUNG SOFTWARE COMPANY LIMITED","#BDC3C7",stub,
AS152945,AS152945,VN_ASN,8.208,152945,DAINTY CLOUD INC,"AS152945
DAINTY CLOUD INC","#BDC3C7",stub,
AS152947,AS152947,VN_ASN,8.416,152947,"Center for Statistical Data Processing and Integration, General Statistics Office","AS152947
Center for Statistical Data Processing and Integration, General Statistics Office","#8E44AD",transit,
AS152949,AS152949,VN_ASN,8.208,152949,AZ VIETNAM TECHNOLOGY JOINT STOCK COMPANY,"AS152949
AZ VIETNAM TECHNOLOGY JOINT STOCK COMPANY","#BDC3C7",stub,
AS152953,AS152953,VN_ASN,8.208,152953,NORTH WIND SOFTWARE COMPANY LIMITED,"AS152953
NORTH WIND SOFTWARE COMPANY LIMITED","#BDC3C7",stub,
AS152955,AS152955,VN_ASN,8.208,152955,CLOUDACE COMPANY LIMITED,"AS152955
CLOUDACE COMPANY LIMITED","#BDC3C7",stub,
AS152959,AS152959,VN_ASN,8.208,152959,GKIN COMPANY LIMITED,"AS152959
GKIN COMPANY LIMITED","#BDC3C7",stub,
AS152966,AS152966,VN_ASN,8.208,152966,ALGO DATA SERVICES COMPANY LIMITED,"AS152966
ALGO DATA SERVICES COMPANY LIMITED","#BDC3C7",stub,
AS152968,AS152968,VN_ASN,8.416,152968,LPBank Insurance Joint Stock Corporation,"AS152968
LPBank Insurance Joint Stock Corporation","#8E44AD",transit,
AS152969,AS152969,VN_ASN,8.208,152969,Kim Ky Nam Digital Technology Solutions Company Limited,"AS152969
Kim Ky Nam Digital Technology Solutions Company Limited","#BDC3C7",stub,
AS152974,AS152974,VN_ASN,8.208,152974,AMZ CLOUD COMPANY LIMITED,"AS152974
AMZ CLOUD COMPANY LIMITED","#BDC3C7",stub,
AS152975,AS152975,VN_ASN,8.208,152975,DATAZ TECHNOLOGY COMPANY LIMITED,"AS152975
DATAZ TECHNOLOGY COMPANY LIMITED","#BDC3C7",stub,
AS152976,AS152976,VN_ASN,8.208,152976,Thanh Loan Fashion Company Limited,"AS152976
Thanh Loan Fashion Company Limited","#BDC3C7",stub,
AS152978,AS152978,VN_ASN,8.208,152978,PHB Digital Technology Solutions Company Limited,"AS152978
PHB Digital Technology Solutions Company Limited","#BDC3C7",stub,
AS152979,AS152979,VN_ASN,8.208,152979,Vietservice Technology Company Limited,"AS152979
Vietservice Technology Company Limited","#BDC3C7",stub,
AS152980,AS152980,VN_ASN,8.208,152980,KHANH CHI IDC COMPANY LIMITED,"AS152980
KHANH CHI IDC COMPANY LIMITED","#BDC3C7",stub,
AS152981,AS152981,VN_ASN,8.208,152981,VNC NIX COMPANY LIMITED,"AS152981
VNC NIX COMPANY LIMITED","#BDC3C7",stub,
AS152983,AS152983,VN_ASN,8.208,152983,Cao Hoang Hai Technology Company Limited,"AS152983
Cao Hoang Hai Technology Company Limited","#BDC3C7",stub,
AS152989,AS152989,VN_ASN,8.208,152989,System 443 Company Limited,"AS152989
System 443 Company Limited","#BDC3C7",stub,
AS152990,AS152990,VN_ASN,8.208,152990,FOXAI TECHNOLOGY JOINT STOCK COMPANY,"AS152990
FOXAI TECHNOLOGY JOINT STOCK COMPANY","#BDC3C7",stub,
AS152992,AS152992,VN_ASN,8.624,152992,ONLINE DATA COMPANY LIMITED,"AS152992
ONLINE DATA COMPANY LIMITED","#8E44AD",transit,
AS152993,AS152993,VN_ASN,8.208,152993,Gemz Land Trading and Service Company Limited,"AS152993
Gemz Land Trading and Service Company Limited","#BDC3C7",stub,
AS152994,AS152994,VN_ASN,8.832,152994,EB Services LLC,"AS152994
EB Services LLC","#8E44AD",transit,
AS153003,AS153003,VN_ASN,8.208,153003,Digital Shield Technology Company Limited,"AS153003
Digital Shield Technology Company Limited","#BDC3C7",stub,
AS153004,AS153004,VN_ASN,8.416,153004,"NH SECURITIES VIETNAM CO., LTD","AS153004
NH SECURITIES VIETNAM CO., LTD","#8E44AD",transit,
AS153013,AS153013,VN_ASN,8.624,153013,GTSC VIETNAM TECHNOLOGY SERVICES AND COMMERCIAL JOINT STOCK COMPANY,"AS153013
GTSC VIETNAM TECHNOLOGY SERVICES AND COMMERCIAL JOINT STOCK COMPANY","#8E44AD",transit,
AS153016,AS153016,VN_ASN,8.208,153016,VN Change Digital Ltd.,"AS153016
VN Change Digital Ltd.","#BDC3C7",stub,
AS153017,AS153017,VN_ASN,8.208,153017,TIDADIGI COMPANY LIMITED,"AS153017
TIDADIGI COMPANY LIMITED","#BDC3C7",stub,
AS153022,AS153022,VN_ASN,8.208,153022,ADM TECHNOLOGY JOINT STOCK COMPANY,"AS153022
ADM TECHNOLOGY JOINT STOCK COMPANY","#BDC3C7",stub,
AS153032,AS153032,VN_ASN,8.208,153032,An Phat Viet Trading and Services Company Limited,"AS153032
An Phat Viet Trading and Services Company Limited","#BDC3C7",stub,
AS153320,AS153320,VN_ASN,8.208,153320,SANDCLOCK SERVICE TRADING COMPANY LIMITED,"AS153320
SANDCLOCK SERVICE TRADING COMPANY LIMITED","#BDC3C7",stub,
AS153391,AS153391,VN_ASN,8.208,153391,MINIUM NET LLC,"AS153391
MINIUM NET LLC","#BDC3C7",stub,
AS153401,AS153401,VN_ASN,8.208,153401,Huu Dien High Technology Company Limited,"AS153401
Huu Dien High Technology Company Limited","#BDC3C7",stub,
AS153403,AS153403,VN_ASN,8.208,153403,Huy Hoang Electronics and Telecommunications Company Limited,"AS153403
Huy Hoang Electronics and Telecommunications Company Limited","#BDC3C7",stub,
AS153407,AS153407,VN_ASN,8.208,153407,Sava Meta Technology Joint Stock Company,"AS153407
Sava Meta Technology Joint Stock Company","#BDC3C7",stub,
AS153410,AS153410,VN_ASN,8.208,153410,NEXT STEP TECHNOLOGY JOINT STOCK COMPANY,"AS153410
NEXT STEP TECHNOLOGY JOINT STOCK COMPANY","#BDC3C7",stub,
AS153413,AS153413,VN_ASN,8.208,153413,HT3 VIETNAM TECHNOLOGY INVESTMENT AND DEVELOPMENT JOINT STOCK COMPANY,"AS153413
HT3 VIETNAM TECHNOLOGY INVESTMENT AND DEVELOPMENT JOINT STOCK COMPANY","#BDC3C7",stub,
AS153416,AS153416,VN_ASN,8.208,153416,Hoang Dieu Cloud Computing Company Limited,"AS153416
Hoang Dieu Cloud Computing Company Limited","#BDC3C7",stub,
AS153428,AS153428,VN_ASN,8.416,153428,TTP GROUP TECHNOLOGY TELECOMMUNICATION JOINT STOCK COMPANY,"AS153428
TTP GROUP TECHNOLOGY TELECOMMUNICATION JOINT STOCK COMPANY","#8E44AD",transit,
AS153429,AS153429,VN_ASN,8.208,153429,Le Quang Telecommunications Technology Company Limited,"AS153429
Le Quang Telecommunications Technology Company Limited","#BDC3C7",stub,
AS153430,AS153430,VN_ASN,8.208,153430,Quang Kim Digital Technology Investment and Development Company Limited,"AS153430
Quang Kim Digital Technology Investment and Development Company Limited","#BDC3C7",stub,
AS153433,AS153433,VN_ASN,8.416,153433,IPA TECHNOLOGY SOLUTION JOINT STOCK COMPANY,"AS153433
IPA TECHNOLOGY SOLUTION JOINT STOCK COMPANY","#8E44AD",transit,
AS153439,AS153439,VN_ASN,8.208,153439,VPS4U TECHNOLOGY COMPANY LIMITED,"AS153439
VPS4U TECHNOLOGY COMPANY LIMITED","#BDC3C7",stub,
AS153447,AS153447,VN_ASN,8.208,153447,360 Technology and Services Company Limited,"AS153447
360 Technology and Services Company Limited","#BDC3C7",stub,
AS153450,AS153450,VN_ASN,8.208,153450,STEP TECHNOLOGY INVESTMENT JOINT STOCK COMPANY,"AS153450
STEP TECHNOLOGY INVESTMENT JOINT STOCK COMPANY","#BDC3C7",stub,
AS153499,AS153499,VN_ASN,8.208,153499,CLOUDX JOINT STOCK COMPANY,"AS153499
CLOUDX JOINT STOCK COMPANY","#BDC3C7",stub,
AS153500,AS153500,VN_ASN,8.416,153500,1School Education Technology and Solutions Company Limited,"AS153500
1School Education Technology and Solutions Company Limited","#8E44AD",transit,
AS153501,AS153501,VN_ASN,8.208,153501,Pal Vietnam Technology and Trading Joint Stock Company,"AS153501
Pal Vietnam Technology and Trading Joint Stock Company","#BDC3C7",stub,
AS153535,AS153535,VN_ASN,8.208,153535,HLC VIET NAM JOINT STOCK COMPANY,"AS153535
HLC VIET NAM JOINT STOCK COMPANY","#BDC3C7",stub,
AS153536,AS153536,VN_ASN,8.208,153536,Osie Cloud LLC,"AS153536
Osie Cloud LLC","#BDC3C7",stub,
AS153539,AS153539,VN_ASN,8.208,153539,VIETNAM INTERNET NETWORK COMPANY NO. 1,"AS153539
VIETNAM INTERNET NETWORK COMPANY NO. 1","#BDC3C7",stub,
AS153543,AS153543,VN_ASN,8.208,153543,TECHNOLOGY AT YOUR HANDS COMPANY LIMITED,"AS153543
TECHNOLOGY AT YOUR HANDS COMPANY LIMITED","#BDC3C7",stub,
AS153585,AS153585,VN_ASN,8.208,153585,Gold Key Real Estate Investment Company Limited,"AS153585
Gold Key Real Estate Investment Company Limited","#BDC3C7",stub,
AS153591,AS153591,VN_ASN,8.208,153591,LEEON TECHNOLOGY COMPANY LIMITED,"AS153591
LEEON TECHNOLOGY COMPANY LIMITED","#BDC3C7",stub,
AS153647,AS153647,VN_ASN,8.208,153647,Viet Homes Furniture Manufacturing Company Limited,"AS153647
Viet Homes Furniture Manufacturing Company Limited","#BDC3C7",stub,
AS153650,AS153650,VN_ASN,8.624,153650,MEGAMAX VIET NAM TECHNOLOGY JOINT STOCK COMPANY,"AS153650
MEGAMAX VIET NAM TECHNOLOGY JOINT STOCK COMPANY","#8E44AD",transit,
AS153651,AS153651,VN_ASN,8.416,153651,QPPF Company Limited,"AS153651
QPPF Company Limited","#8E44AD",transit,
AS153683,AS153683,VN_ASN,8.208,153683,VIETNAM V2 InfinityORMATION SECURE JOINT STOCK COMPANY,"AS153683
VIETNAM V2 InfinityORMATION SECURE JOINT STOCK COMPANY","#BDC3C7",stub,
AS153713,AS153713,VN_ASN,8.208,153713,AGRIBANK SECURITIES CORPORATION,"AS153713
AGRIBANK SECURITIES CORPORATION","#BDC3C7",stub,
AS153741,AS153741,VN_ASN,8.208,153741,"Lewu Tech Co., Ltd.","AS153741
Lewu Tech Co., Ltd.","#BDC3C7",stub,
AS153830,AS153830,VN_ASN,8.208,153830,Upnet Technology Solutions Company Limited,"AS153830
Upnet Technology Solutions Company Limited","#BDC3C7",stub,
AS153831,AS153831,VN_ASN,8.208,153831,Bao Khanh ICT Company Limited,"AS153831
Bao Khanh ICT Company Limited","#BDC3C7",stub,
AS153941,AS153941,VN_ASN,8.416,153941,ESECURE SOLUTION LIMITED COMPANY,"AS153941
ESECURE SOLUTION LIMITED COMPANY","#8E44AD",transit,
AS153983,AS153983,VN_ASN,8.208,153983,HIEUVPS TECHNOLOGY COMPANY LIMITED,"AS153983
HIEUVPS TECHNOLOGY COMPANY LIMITED","#BDC3C7",stub,
AS154003,AS154003,VN_ASN,8.208,154003,NOBIDEV COMPANY LIMITED,"AS154003
NOBIDEV COMPANY LIMITED","#BDC3C7",stub,
AS154053,AS154053,VN_ASN,8.208,154053,Hanoi National University of Education,"AS154053
Hanoi National University of Education","#BDC3C7",stub,
AS154091,AS154091,VN_ASN,8.208,154091,SAVING SOLUTION TECHNOLOGY CORPORATION,"AS154091
SAVING SOLUTION TECHNOLOGY CORPORATION","#BDC3C7",stub,
AS154105,AS154105,VN_ASN,8.208,154105,ZALO PLATFORMS COMPANY LIMITED,"AS154105
ZALO PLATFORMS COMPANY LIMITED","#BDC3C7",stub,
AS154106,AS154106,VN_ASN,8.208,154106,VNG ONLINE COMPANY LIMITED,"AS154106
VNG ONLINE COMPANY LIMITED","#BDC3C7",stub,
AS154144,AS154144,VN_ASN,8.208,154144,MOBIFONE DIGITAL PAYMENT JOINT STOCK COMPANY,"AS154144
MOBIFONE DIGITAL PAYMENT JOINT STOCK COMPANY","#BDC3C7",stub,
AS154247,AS154247,VN_ASN,8.416,154247,MCO HA NOI TECHNOLOGY COMPANY LIMITED,"AS154247
MCO HA NOI TECHNOLOGY COMPANY LIMITED","#8E44AD",transit,
AS154339,AS154339,VN_ASN,8.416,154339,"Zyn Data Technology Solutions Co., Ltd.","AS154339
Zyn Data Technology Solutions Co., Ltd.","#8E44AD",transit,
AS154350,AS154350,VN_ASN,8.208,154350,ATZ CORP JOINT STOCK COMPANY,"AS154350
ATZ CORP JOINT STOCK COMPANY","#BDC3C7",stub,
AS154406,AS154406,VN_ASN,8.624,154406,VIETNAM MARITIME COMMUNICATION AND ELECTRONICS SINGLE-MEMBER LIMITED LIABILITY COMPANY,"AS154406
VIETNAM MARITIME COMMUNICATION AND ELECTRONICS SINGLE-MEMBER LIMITED LIABILITY COMPANY","#8E44AD",transit,
IXP_1771,VNIX-HCM,IXP,30,,,VNIX-HCM,"#FF5733",,diamond
IXP_1772,VNIX-HN,IXP,30,,,VNIX-HN,"#FF5733",,diamond
IXP_1773,VNIX-DN,IXP,30,,,VNIX-DN,"#FF5733",,diamond
AS25152,AS25152,ASN,8.416,,,AS25152,"#8E44AD",transit,
AS7500,AS7500,ASN,8.416,,,AS7500,"#8E44AD",transit,
AS148967,AS148967,ASN,8.208,,,AS148967,"#BDC3C7",stub,
VNIX,VNIX,IXP,40,,,Vietnam National Internet eXchange,"#FF5733",,diamond
AS1012,AS1012,VN_ASN,8.208,,,AS1012,"#BDC3C7",stub,
AS3557,AS3557,VN_ASN,8.208,,,AS3557,"#BDC3C7",stub,
AS5322,AS5322,VN_ASN,8.208,,,AS5322,"#BDC3C7",stub,
